entry_time,exit_time,side,entry_price,exit_price,qty,bars_held,exit_reason,pnl_ticks,gross_pnl_usd,costs_usd,net_pnl_usd
2021-01-05 13:51:00+00:00,2021-01-05 13:54:00+00:00,long,12631.25,12621.0,1,1,stop,-41.0,-205.0,4.5,-209.5
2021-01-05 19:09:00+00:00,2021-01-05 19:30:00+00:00,short,12782.0,12792.25,1,7,stop,-41.0,-205.0,4.5,-209.5
2021-01-07 19:09:00+00:00,2021-01-07 19:18:00+00:00,short,12910.25,12910.5,1,3,stop,-1.0,-5.0,4.5,-9.5
2021-01-11 13:36:00+00:00,2021-01-11 13:39:00+00:00,long,12993.5,12983.25,1,1,stop,-41.0,-205.0,4.5,-209.5
2021-01-12 13:30:00+00:00,2021-01-12 13:42:00+00:00,long,12918.0,12907.75,1,4,stop,-41.0,-205.0,4.5,-209.5
2021-01-19 19:15:00+00:00,2021-01-19 19:24:00+00:00,short,12979.5,12989.75,1,3,stop,-41.0,-205.0,4.5,-209.5
2021-01-19 19:57:00+00:00,2021-01-19 20:00:00+00:00,short,12985.25,12995.5,1,1,stop,-41.0,-205.0,4.5,-209.5
2021-01-20 18:27:00+00:00,2021-01-20 18:30:00+00:00,short,13276.75,13287.0,1,1,stop,-41.0,-205.0,4.5,-209.5
2021-01-20 19:51:00+00:00,2021-01-20 20:06:00+00:00,short,13306.0,13316.5,1,5,stop,-42.0,-210.0,4.5,-214.5
2021-01-21 19:27:00+00:00,2021-01-21 19:33:00+00:00,short,13391.75,13402.0,1,2,stop,-41.0,-205.0,4.5,-209.5
2021-01-25 14:39:00+00:00,2021-01-25 14:45:00+00:00,short,13540.0,13540.25,1,2,stop,-1.0,-5.0,4.5,-9.5
2021-01-29 17:51:00+00:00,2021-01-29 17:54:00+00:00,long,12905.25,12905.0,1,1,stop,-1.0,-5.0,4.5,-9.5
2021-02-01 19:03:00+00:00,2021-02-01 19:06:00+00:00,short,13241.0,13251.25,1,1,stop,-41.0,-205.0,4.5,-209.5
2021-02-01 19:36:00+00:00,2021-02-01 19:39:00+00:00,short,13240.75,13251.0,1,1,stop,-41.0,-205.0,4.5,-209.5
2021-02-01 19:54:00+00:00,2021-02-01 20:00:00+00:00,short,13244.0,13254.25,1,2,stop,-41.0,-205.0,4.5,-209.5
2021-02-02 17:51:00+00:00,2021-02-02 18:00:00+00:00,short,13452.0,13462.25,1,3,stop,-41.0,-205.0,4.5,-209.5
2021-02-04 18:42:00+00:00,2021-02-04 19:24:00+00:00,short,13496.5,13496.75,1,14,stop,-1.0,-5.0,4.5,-9.5
2021-02-05 14:45:00+00:00,2021-02-05 14:48:00+00:00,long,13575.0,13574.75,1,1,stop,-1.0,-5.0,4.5,-9.5
2021-02-10 15:00:00+00:00,2021-02-10 15:06:00+00:00,long,13749.25,13739.0,1,2,stop,-41.0,-205.0,4.5,-209.5
2021-02-10 15:33:00+00:00,2021-02-10 15:36:00+00:00,long,13617.25,13617.0,1,1,stop,-1.0,-5.0,4.5,-9.5
2021-02-25 16:51:00+00:00,2021-02-25 16:54:00+00:00,long,13043.25,13033.0,1,1,stop,-41.0,-205.0,4.5,-209.5
2021-03-01 17:15:00+00:00,2021-03-01 17:18:00+00:00,short,13199.5,13199.75,1,1,stop,-1.0,-5.0,4.5,-9.5
2021-03-03 14:30:00+00:00,2021-03-03 14:33:00+00:00,long,13046.75,13046.5,1,1,stop,-1.0,-5.0,4.5,-9.5
2021-03-03 14:48:00+00:00,2021-03-03 14:51:00+00:00,long,12973.0,12972.75,1,1,stop,-1.0,-5.0,4.5,-9.5
2021-03-03 15:18:00+00:00,2021-03-03 15:21:00+00:00,long,12850.25,12850.0,1,1,stop,-1.0,-5.0,4.5,-9.5
2021-03-04 18:54:00+00:00,2021-03-04 18:57:00+00:00,long,12353.25,12343.0,1,1,stop,-41.0,-205.0,4.5,-209.5
2021-03-05 19:18:00+00:00,2021-03-05 19:21:00+00:00,short,12521.5,12521.75,1,1,stop,-1.0,-5.0,4.5,-9.5
2021-03-09 14:15:00+00:00,2021-03-09 14:27:00+00:00,short,12583.0,12593.25,1,4,stop,-41.0,-205.0,4.5,-209.5
2021-03-09 17:18:00+00:00,2021-03-09 17:21:00+00:00,short,12772.0,12782.25,1,1,stop,-41.0,-205.0,4.5,-209.5
2021-03-15 18:09:00+00:00,2021-03-15 18:15:00+00:00,short,12990.5,13000.75,1,2,stop,-41.0,-205.0,4.5,-209.5
2021-03-15 19:03:00+00:00,2021-03-15 19:09:00+00:00,short,13021.0,13031.25,1,2,stop,-41.0,-205.0,4.5,-209.5
2021-03-16 13:51:00+00:00,2021-03-16 13:54:00+00:00,short,13202.0,13212.25,1,1,stop,-41.0,-205.0,4.5,-209.5
2021-03-18 19:51:00+00:00,2021-03-18 19:54:00+00:00,long,12805.75,12795.5,1,1,stop,-41.0,-205.0,4.5,-209.5
2021-03-22 18:21:00+00:00,2021-03-22 18:24:00+00:00,short,13126.5,13136.75,1,1,stop,-41.0,-205.0,4.5,-209.5
2021-03-23 19:03:00+00:00,2021-03-23 19:06:00+00:00,long,13054.0,13053.75,1,1,stop,-1.0,-5.0,4.5,-9.5
2021-03-24 18:42:00+00:00,2021-03-24 18:45:00+00:00,long,12889.0,12888.75,1,1,stop,-1.0,-5.0,4.5,-9.5
2021-04-14 14:30:00+00:00,2021-04-14 14:33:00+00:00,long,13951.5,13951.25,1,1,stop,-1.0,-5.0,4.5,-9.5
2021-04-15 14:00:00+00:00,2021-04-15 14:03:00+00:00,short,13937.0,13947.25,1,1,stop,-41.0,-205.0,4.5,-209.5
2021-04-15 17:51:00+00:00,2021-04-15 17:57:00+00:00,short,14006.5,14016.75,1,2,stop,-41.0,-205.0,4.5,-209.5
2021-04-20 15:24:00+00:00,2021-04-20 15:27:00+00:00,long,13757.75,13757.5,1,1,stop,-1.0,-5.0,4.5,-9.5
2021-04-21 18:18:00+00:00,2021-04-21 18:27:00+00:00,short,13861.0,13861.25,1,3,stop,-1.0,-5.0,4.5,-9.5
2021-04-22 17:45:00+00:00,2021-04-22 17:48:00+00:00,long,13781.0,13780.75,1,1,stop,-1.0,-5.0,4.5,-9.5
2021-04-23 18:15:00+00:00,2021-04-23 18:18:00+00:00,short,13947.25,13947.5,1,1,stop,-1.0,-5.0,4.5,-9.5
2021-04-23 18:57:00+00:00,2021-04-23 19:00:00+00:00,short,13960.75,13961.0,1,1,stop,-1.0,-5.0,4.5,-9.5
2021-04-29 16:12:00+00:00,2021-04-29 16:15:00+00:00,long,13841.0,13830.75,1,1,stop,-41.0,-205.0,4.5,-209.5
2021-04-30 17:57:00+00:00,2021-04-30 18:00:00+00:00,long,13838.5,13838.25,1,1,stop,-1.0,-5.0,4.5,-9.5
2021-05-11 13:45:00+00:00,2021-05-11 13:48:00+00:00,short,13190.0,13200.25,1,1,stop,-41.0,-205.0,4.5,-209.5
2021-05-14 14:03:00+00:00,2021-05-14 14:06:00+00:00,short,13253.25,13253.5,1,1,stop,-1.0,-5.0,4.5,-9.5
2021-05-14 16:21:00+00:00,2021-05-14 16:30:00+00:00,short,13348.0,13358.25,1,3,stop,-41.0,-205.0,4.5,-209.5
2021-05-17 17:33:00+00:00,2021-05-17 17:36:00+00:00,long,13219.25,13219.0,1,1,stop,-1.0,-5.0,4.5,-9.5
2021-05-20 13:51:00+00:00,2021-05-20 13:54:00+00:00,short,13382.0,13392.25,1,1,stop,-41.0,-205.0,4.5,-209.5
2021-05-20 15:51:00+00:00,2021-05-20 15:57:00+00:00,short,13493.0,13493.25,1,2,stop,-1.0,-5.0,4.5,-9.5
2021-05-20 18:03:00+00:00,2021-05-20 18:09:00+00:00,short,13477.75,13478.0,1,2,stop,-1.0,-5.0,4.5,-9.5
2021-05-21 14:21:00+00:00,2021-05-21 14:24:00+00:00,long,13504.5,13494.25,1,1,stop,-41.0,-205.0,4.5,-209.5
2021-05-21 15:30:00+00:00,2021-05-21 15:33:00+00:00,long,13456.75,13456.5,1,1,stop,-1.0,-5.0,4.5,-9.5
2021-05-28 16:09:00+00:00,2021-05-28 16:21:00+00:00,short,13755.5,13755.75,1,4,stop,-1.0,-5.0,4.5,-9.5
2021-05-28 16:48:00+00:00,2021-05-28 17:12:00+00:00,short,13753.0,13753.25,1,8,stop,-1.0,-5.0,4.5,-9.5
2021-06-03 19:54:00+00:00,2021-06-03 20:00:00+00:00,long,13534.0,13523.75,1,2,stop,-41.0,-205.0,4.5,-209.5
2021-06-04 17:18:00+00:00,2021-06-04 17:21:00+00:00,short,13760.5,13760.75,1,1,stop,-1.0,-5.0,4.5,-9.5
2021-06-04 18:12:00+00:00,2021-06-04 18:48:00+00:00,short,13774.0,13784.25,1,12,stop,-41.0,-205.0,4.5,-209.5
2021-06-10 13:57:00+00:00,2021-06-10 14:00:00+00:00,short,13943.75,13954.0,1,1,stop,-41.0,-205.0,4.5,-209.5
2021-06-10 19:00:00+00:00,2021-06-10 19:03:00+00:00,short,13949.75,13950.0,1,1,stop,-1.0,-5.0,4.5,-9.5
2021-06-14 19:30:00+00:00,2021-06-14 19:39:00+00:00,short,14069.0,14079.25,1,3,stop,-41.0,-205.0,4.5,-209.5
2021-06-15 17:18:00+00:00,2021-06-15 17:33:00+00:00,long,14042.25,14042.0,1,5,stop,-1.0,-5.0,4.5,-9.5
2021-06-17 14:06:00+00:00,2021-06-17 14:09:00+00:00,short,14026.5,14036.75,1,1,stop,-41.0,-205.0,4.5,-209.5
2021-06-17 19:21:00+00:00,2021-06-17 19:33:00+00:00,short,14192.5,14192.75,1,4,stop,-1.0,-5.0,4.5,-9.5
2021-06-22 16:30:00+00:00,2021-06-22 16:42:00+00:00,short,14224.0,14224.25,1,4,stop,-1.0,-5.0,4.5,-9.5
2021-06-22 18:00:00+00:00,2021-06-22 18:15:00+00:00,short,14214.0,14224.25,1,5,stop,-41.0,-205.0,4.5,-209.5
2021-06-28 16:27:00+00:00,2021-06-28 16:33:00+00:00,short,14488.0,14488.25,1,2,stop,-1.0,-5.0,4.5,-9.5
2021-06-29 16:54:00+00:00,2021-06-29 17:21:00+00:00,short,14547.25,14547.5,1,9,stop,-1.0,-5.0,4.5,-9.5
2021-06-29 19:39:00+00:00,2021-06-29 19:54:00+00:00,short,14555.0,14565.25,1,5,stop,-41.0,-205.0,4.5,-209.5
2021-07-02 13:39:00+00:00,2021-07-02 13:48:00+00:00,short,14646.0,14656.25,1,3,stop,-41.0,-205.0,4.5,-209.5
2021-07-02 15:57:00+00:00,2021-07-02 16:15:00+00:00,short,14668.0,14668.25,1,6,stop,-1.0,-5.0,4.5,-9.5
2021-07-02 17:03:00+00:00,2021-07-02 17:15:00+00:00,short,14687.75,14688.0,1,4,stop,-1.0,-5.0,4.5,-9.5
2021-07-06 19:51:00+00:00,2021-07-06 19:54:00+00:00,short,14766.0,14776.25,1,1,stop,-41.0,-205.0,4.5,-209.5
2021-07-13 16:54:00+00:00,2021-07-13 17:00:00+00:00,short,14976.5,14976.75,1,2,stop,-1.0,-5.0,4.5,-9.5
2021-07-19 14:03:00+00:00,2021-07-19 14:06:00+00:00,long,14493.75,14493.5,1,1,stop,-1.0,-5.0,4.5,-9.5
2021-07-20 18:36:00+00:00,2021-07-20 18:45:00+00:00,short,14752.5,14737.75,1,3,target,59.0,295.0,4.5,290.5
2021-07-20 19:33:00+00:00,2021-07-20 19:36:00+00:00,short,14773.25,14773.5,1,1,stop,-1.0,-5.0,4.5,-9.5
2021-07-22 19:48:00+00:00,2021-07-22 19:54:00+00:00,short,14914.5,14924.75,1,2,stop,-41.0,-205.0,4.5,-209.5
2021-07-23 17:30:00+00:00,2021-07-23 17:33:00+00:00,short,15096.75,15097.0,1,1,stop,-1.0,-5.0,4.5,-9.5
2021-07-23 18:30:00+00:00,2021-07-23 18:45:00+00:00,short,15103.5,15103.75,1,5,stop,-1.0,-5.0,4.5,-9.5
2021-07-23 19:42:00+00:00,2021-07-23 19:54:00+00:00,short,15106.25,15106.5,1,4,stop,-1.0,-5.0,4.5,-9.5
2021-07-27 16:06:00+00:00,2021-07-27 16:09:00+00:00,long,14834.75,14824.5,1,1,stop,-41.0,-205.0,4.5,-209.5
2021-07-27 17:27:00+00:00,2021-07-27 17:33:00+00:00,long,14797.25,14797.0,1,2,stop,-1.0,-5.0,4.5,-9.5
2021-07-30 14:09:00+00:00,2021-07-30 14:15:00+00:00,short,14963.75,14964.0,1,2,stop,-1.0,-5.0,4.5,-9.5
2021-07-30 17:00:00+00:00,2021-07-30 17:06:00+00:00,short,14964.5,14974.75,1,2,stop,-41.0,-205.0,4.5,-209.5
2021-08-03 17:09:00+00:00,2021-08-03 17:21:00+00:00,short,15024.0,15024.25,1,4,stop,-1.0,-5.0,4.5,-9.5
2021-08-05 13:54:00+00:00,2021-08-05 13:57:00+00:00,short,15111.25,15121.5,1,1,stop,-41.0,-205.0,4.5,-209.5
2021-08-16 19:30:00+00:00,2021-08-16 19:45:00+00:00,short,15110.0,15110.25,1,5,stop,-1.0,-5.0,4.5,-9.5
2021-08-20 19:30:00+00:00,2021-08-20 19:33:00+00:00,short,15077.75,15088.0,1,1,stop,-41.0,-205.0,4.5,-209.5
2021-08-23 17:24:00+00:00,2021-08-23 17:36:00+00:00,short,15308.25,15308.5,1,4,stop,-1.0,-5.0,4.5,-9.5
2021-08-27 18:00:00+00:00,2021-08-27 18:30:00+00:00,short,15428.25,15428.5,1,10,stop,-1.0,-5.0,4.5,-9.5
2021-08-27 19:27:00+00:00,2021-08-27 19:45:00+00:00,short,15437.25,15437.5,1,6,stop,-1.0,-5.0,4.5,-9.5
2021-08-30 17:36:00+00:00,2021-08-30 17:48:00+00:00,short,15598.0,15608.25,1,4,stop,-41.0,-205.0,4.5,-209.5
2021-09-01 13:36:00+00:00,2021-09-01 13:42:00+00:00,short,15653.25,15663.5,1,2,stop,-41.0,-205.0,4.5,-209.5
2021-09-10 19:57:00+00:00,2021-09-10 20:00:00+00:00,long,15446.5,15446.25,1,1,stop,-1.0,-5.0,4.5,-9.5
2021-09-14 19:30:00+00:00,2021-09-14 19:33:00+00:00,long,15366.75,15356.5,1,1,stop,-41.0,-205.0,4.5,-209.5
2021-09-15 17:57:00+00:00,2021-09-15 18:06:00+00:00,short,15461.0,15471.25,1,3,stop,-41.0,-205.0,4.5,-209.5
2021-09-15 19:30:00+00:00,2021-09-15 19:36:00+00:00,short,15502.0,15512.25,1,2,stop,-41.0,-205.0,4.5,-209.5
2021-09-15 19:54:00+00:00,2021-09-15 20:36:00+00:00,short,15499.25,15509.75,1,14,stop,-42.0,-210.0,4.5,-214.5
2021-09-20 17:09:00+00:00,2021-09-20 17:12:00+00:00,long,14897.5,14897.25,1,1,stop,-1.0,-5.0,4.5,-9.5
2021-09-20 18:45:00+00:00,2021-09-20 18:48:00+00:00,long,14856.25,14846.0,1,1,stop,-41.0,-205.0,4.5,-209.5
2021-09-28 17:06:00+00:00,2021-09-28 17:09:00+00:00,long,14771.25,14761.0,1,1,stop,-41.0,-205.0,4.5,-209.5
2021-09-29 17:15:00+00:00,2021-09-29 17:24:00+00:00,long,14780.25,14770.0,1,3,stop,-41.0,-205.0,4.5,-209.5
2021-10-04 14:03:00+00:00,2021-10-04 14:06:00+00:00,long,14567.75,14557.5,1,1,stop,-41.0,-205.0,4.5,-209.5
2021-10-04 17:48:00+00:00,2021-10-04 17:51:00+00:00,long,14433.0,14422.75,1,1,stop,-41.0,-205.0,4.5,-209.5
2021-10-05 16:21:00+00:00,2021-10-05 16:30:00+00:00,short,14710.0,14720.25,1,3,stop,-41.0,-205.0,4.5,-209.5
2021-10-05 18:03:00+00:00,2021-10-05 18:12:00+00:00,short,14737.25,14737.5,1,3,stop,-1.0,-5.0,4.5,-9.5
2021-10-06 17:51:00+00:00,2021-10-06 17:54:00+00:00,short,14668.5,14678.75,1,1,stop,-41.0,-205.0,4.5,-209.5
2021-10-06 19:57:00+00:00,2021-10-06 20:00:00+00:00,short,14753.25,14763.5,1,1,stop,-41.0,-205.0,4.5,-209.5
2021-10-08 15:51:00+00:00,2021-10-08 16:00:00+00:00,long,14825.5,14815.25,1,3,stop,-41.0,-205.0,4.5,-209.5
2021-10-15 19:18:00+00:00,2021-10-15 19:24:00+00:00,short,15101.0,15111.25,1,2,stop,-41.0,-205.0,4.5,-209.5
2021-10-18 17:39:00+00:00,2021-10-18 18:03:00+00:00,short,15242.75,15253.0,1,8,stop,-41.0,-205.0,4.5,-209.5
2021-10-19 17:00:00+00:00,2021-10-19 17:21:00+00:00,short,15385.75,15396.0,1,7,stop,-41.0,-205.0,4.5,-209.5
2021-10-19 19:54:00+00:00,2021-10-19 19:57:00+00:00,short,15387.25,15397.5,1,1,stop,-41.0,-205.0,4.5,-209.5
2021-10-21 15:03:00+00:00,2021-10-21 15:18:00+00:00,short,15432.25,15417.5,1,5,target,59.0,295.0,4.5,290.5
2021-10-22 15:39:00+00:00,2021-10-22 15:42:00+00:00,long,15297.75,15297.5,1,1,stop,-1.0,-5.0,4.5,-9.5
2021-10-25 17:57:00+00:00,2021-10-25 18:09:00+00:00,short,15490.0,15500.25,1,4,stop,-41.0,-205.0,4.5,-209.5
2021-10-27 17:48:00+00:00,2021-10-27 17:54:00+00:00,short,15695.25,15705.5,1,2,stop,-41.0,-205.0,4.5,-209.5
2021-11-01 13:51:00+00:00,2021-11-01 13:54:00+00:00,long,15825.0,15824.75,1,1,stop,-1.0,-5.0,4.5,-9.5
2021-11-04 17:00:00+00:00,2021-11-04 17:03:00+00:00,short,16292.0,16292.25,1,1,stop,-1.0,-5.0,4.5,-9.5
2021-11-04 17:48:00+00:00,2021-11-04 17:54:00+00:00,short,16333.25,16343.5,1,2,stop,-41.0,-205.0,4.5,-209.5
2021-11-10 18:09:00+00:00,2021-11-10 18:12:00+00:00,long,16074.75,16074.5,1,1,stop,-1.0,-5.0,4.5,-9.5
2021-11-10 19:30:00+00:00,2021-11-10 19:33:00+00:00,long,15954.75,15954.5,1,1,stop,-1.0,-5.0,4.5,-9.5
2021-11-10 19:51:00+00:00,2021-11-10 19:54:00+00:00,long,15953.25,15943.0,1,1,stop,-41.0,-205.0,4.5,-209.5
2021-11-11 13:45:00+00:00,2021-11-11 13:57:00+00:00,short,16105.0,16105.25,1,4,stop,-1.0,-5.0,4.5,-9.5
2021-11-15 16:33:00+00:00,2021-11-15 16:36:00+00:00,long,16191.75,16181.5,1,1,stop,-41.0,-205.0,4.5,-209.5
2021-11-16 18:12:00+00:00,2021-11-16 18:15:00+00:00,short,16296.5,16306.75,1,1,stop,-41.0,-205.0,4.5,-209.5
2021-11-16 19:15:00+00:00,2021-11-16 19:21:00+00:00,short,16308.75,16309.0,1,2,stop,-1.0,-5.0,4.5,-9.5
2021-11-29 18:12:00+00:00,2021-11-29 18:15:00+00:00,short,16402.25,16402.5,1,1,stop,-1.0,-5.0,4.5,-9.5
2021-11-29 19:00:00+00:00,2021-11-29 19:03:00+00:00,short,16399.25,16409.5,1,1,stop,-41.0,-205.0,4.5,-209.5
2021-12-02 13:30:00+00:00,2021-12-02 13:33:00+00:00,long,15852.75,15842.5,1,1,stop,-41.0,-205.0,4.5,-209.5
2021-12-03 16:09:00+00:00,2021-12-03 16:12:00+00:00,long,15676.75,15676.5,1,1,stop,-1.0,-5.0,4.5,-9.5
2021-12-06 18:42:00+00:00,2021-12-06 18:45:00+00:00,short,15858.25,15858.5,1,1,stop,-1.0,-5.0,4.5,-9.5
2021-12-09 18:15:00+00:00,2021-12-09 18:18:00+00:00,long,16292.75,16292.5,1,1,stop,-1.0,-5.0,4.5,-9.5
2021-12-09 19:57:00+00:00,2021-12-09 20:00:00+00:00,long,16204.75,16204.5,1,1,stop,-1.0,-5.0,4.5,-9.5
2021-12-10 13:42:00+00:00,2021-12-10 13:45:00+00:00,short,16294.75,16295.0,1,1,stop,-1.0,-5.0,4.5,-9.5
2021-12-16 18:48:00+00:00,2021-12-16 18:51:00+00:00,long,15981.25,15971.0,1,1,stop,-41.0,-205.0,4.5,-209.5
2021-12-16 19:36:00+00:00,2021-12-16 19:39:00+00:00,long,15885.0,15884.75,1,1,stop,-1.0,-5.0,4.5,-9.5
2021-12-21 17:03:00+00:00,2021-12-21 17:06:00+00:00,short,15772.75,15783.0,1,1,stop,-41.0,-205.0,4.5,-209.5
2021-12-21 19:42:00+00:00,2021-12-21 19:45:00+00:00,short,15923.75,15934.0,1,1,stop,-41.0,-205.0,4.5,-209.5
2021-12-22 14:30:00+00:00,2021-12-22 14:33:00+00:00,short,15939.0,15949.25,1,1,stop,-41.0,-205.0,4.5,-209.5
2021-12-23 15:03:00+00:00,2021-12-23 15:06:00+00:00,short,16229.0,16239.25,1,1,stop,-41.0,-205.0,4.5,-209.5
2021-12-27 16:15:00+00:00,2021-12-27 16:18:00+00:00,short,16508.25,16508.5,1,1,stop,-1.0,-5.0,4.5,-9.5
2021-12-27 17:30:00+00:00,2021-12-27 17:39:00+00:00,short,16520.5,16520.75,1,3,stop,-1.0,-5.0,4.5,-9.5
2021-12-27 19:00:00+00:00,2021-12-27 19:03:00+00:00,short,16539.0,16549.25,1,1,stop,-41.0,-205.0,4.5,-209.5
2021-12-29 13:30:00+00:00,2021-12-29 13:33:00+00:00,long,16484.0,16483.75,1,1,stop,-1.0,-5.0,4.5,-9.5
2022-01-03 19:30:00+00:00,2022-01-03 19:39:00+00:00,short,16454.25,16464.5,1,3,stop,-41.0,-205.0,4.5,-209.5
2022-01-04 18:06:00+00:00,2022-01-04 18:09:00+00:00,long,16218.5,16208.25,1,1,stop,-41.0,-205.0,4.5,-209.5
2022-01-04 18:24:00+00:00,2022-01-04 18:27:00+00:00,long,16211.5,16201.25,1,1,stop,-41.0,-205.0,4.5,-209.5
2022-01-04 19:00:00+00:00,2022-01-04 19:03:00+00:00,long,16163.25,16163.0,1,1,stop,-1.0,-5.0,4.5,-9.5
2022-01-05 19:06:00+00:00,2022-01-05 19:09:00+00:00,long,16057.75,16057.5,1,1,stop,-1.0,-5.0,4.5,-9.5
2022-01-10 14:18:00+00:00,2022-01-10 14:21:00+00:00,long,15378.75,15368.5,1,1,stop,-41.0,-205.0,4.5,-209.5
2022-01-10 14:48:00+00:00,2022-01-10 14:51:00+00:00,long,15332.0,15331.75,1,1,stop,-1.0,-5.0,4.5,-9.5
2022-01-10 15:06:00+00:00,2022-01-10 15:09:00+00:00,long,15264.75,15254.5,1,1,stop,-41.0,-205.0,4.5,-209.5
2022-01-11 16:18:00+00:00,2022-01-11 16:21:00+00:00,short,15712.0,15722.25,1,1,stop,-41.0,-205.0,4.5,-209.5
2022-01-11 18:48:00+00:00,2022-01-11 18:51:00+00:00,short,15794.25,15794.5,1,1,stop,-1.0,-5.0,4.5,-9.5
2022-01-11 19:30:00+00:00,2022-01-11 19:33:00+00:00,short,15773.75,15774.0,1,1,stop,-1.0,-5.0,4.5,-9.5
2022-01-11 19:57:00+00:00,2022-01-11 20:00:00+00:00,short,15811.0,15821.25,1,1,stop,-41.0,-205.0,4.5,-209.5
2022-01-12 13:45:00+00:00,2022-01-12 13:48:00+00:00,short,15944.0,15944.25,1,1,stop,-1.0,-5.0,4.5,-9.5
2022-01-13 17:33:00+00:00,2022-01-13 17:36:00+00:00,long,15664.5,15664.25,1,1,stop,-1.0,-5.0,4.5,-9.5
2022-01-13 19:33:00+00:00,2022-01-13 19:36:00+00:00,long,15626.25,15616.0,1,1,stop,-41.0,-205.0,4.5,-209.5
2022-01-18 17:54:00+00:00,2022-01-18 17:57:00+00:00,long,15270.0,15259.75,1,1,stop,-41.0,-205.0,4.5,-209.5
2022-01-19 14:48:00+00:00,2022-01-19 14:51:00+00:00,short,15308.0,15308.25,1,1,stop,-1.0,-5.0,4.5,-9.5
2022-01-20 13:36:00+00:00,2022-01-20 13:42:00+00:00,short,15170.5,15180.75,1,2,stop,-41.0,-205.0,4.5,-209.5
2022-01-20 14:48:00+00:00,2022-01-20 14:51:00+00:00,short,15236.75,15237.0,1,1,stop,-1.0,-5.0,4.5,-9.5
2022-01-20 19:00:00+00:00,2022-01-20 19:03:00+00:00,long,15204.0,15203.75,1,1,stop,-1.0,-5.0,4.5,-9.5
2022-01-20 20:00:00+00:00,2022-01-20 20:03:00+00:00,long,15105.5,15095.0,1,1,stop,-42.0,-210.0,4.5,-214.5
2022-01-24 13:42:00+00:00,2022-01-24 13:45:00+00:00,long,14199.0,14198.75,1,1,stop,-1.0,-5.0,4.5,-9.5
2022-01-25 19:03:00+00:00,2022-01-25 19:06:00+00:00,short,14221.25,14221.5,1,1,stop,-1.0,-5.0,4.5,-9.5
2022-01-26 19:36:00+00:00,2022-01-26 19:39:00+00:00,long,14507.25,14507.0,1,1,stop,-1.0,-5.0,4.5,-9.5
2022-01-27 14:33:00+00:00,2022-01-27 14:36:00+00:00,short,14271.25,14271.5,1,1,stop,-1.0,-5.0,4.5,-9.5
2022-01-27 18:33:00+00:00,2022-01-27 18:36:00+00:00,long,14056.75,14056.5,1,1,stop,-1.0,-5.0,4.5,-9.5
2022-01-27 20:00:00+00:00,2022-01-27 20:03:00+00:00,long,14045.0,14044.5,1,1,stop,-2.0,-10.0,4.5,-14.5
2022-01-31 14:48:00+00:00,2022-01-31 14:51:00+00:00,short,14519.25,14529.5,1,1,stop,-41.0,-205.0,4.5,-209.5
2022-01-31 19:45:00+00:00,2022-01-31 19:48:00+00:00,short,14795.0,14805.25,1,1,stop,-41.0,-205.0,4.5,-209.5
2022-02-04 13:45:00+00:00,2022-02-04 13:48:00+00:00,long,14502.0,14491.75,1,1,stop,-41.0,-205.0,4.5,-209.5
2022-02-11 18:06:00+00:00,2022-02-11 18:09:00+00:00,long,14543.5,14533.25,1,1,stop,-41.0,-205.0,4.5,-209.5
2022-02-11 18:51:00+00:00,2022-02-11 18:54:00+00:00,long,14374.0,14373.75,1,1,stop,-1.0,-5.0,4.5,-9.5
2022-02-23 14:36:00+00:00,2022-02-23 14:39:00+00:00,long,13983.0,13982.75,1,1,stop,-1.0,-5.0,4.5,-9.5
2022-02-23 18:45:00+00:00,2022-02-23 18:48:00+00:00,long,13714.75,13704.5,1,1,stop,-41.0,-205.0,4.5,-209.5
2022-02-23 19:45:00+00:00,2022-02-23 19:48:00+00:00,long,13599.5,13599.25,1,1,stop,-1.0,-5.0,4.5,-9.5
2022-02-24 15:00:00+00:00,2022-02-24 15:03:00+00:00,short,13274.0,13274.25,1,1,stop,-1.0,-5.0,4.5,-9.5
2022-02-28 16:33:00+00:00,2022-02-28 16:36:00+00:00,short,14266.75,14267.0,1,1,stop,-1.0,-5.0,4.5,-9.5
2022-03-02 18:48:00+00:00,2022-03-02 18:51:00+00:00,short,14219.0,14229.25,1,1,stop,-41.0,-205.0,4.5,-209.5
2022-03-07 16:45:00+00:00,2022-03-07 16:48:00+00:00,long,13629.0,13618.75,1,1,stop,-41.0,-205.0,4.5,-209.5
2022-03-07 18:00:00+00:00,2022-03-07 18:03:00+00:00,long,13557.75,13557.5,1,1,stop,-1.0,-5.0,4.5,-9.5
2022-03-07 18:39:00+00:00,2022-03-07 18:42:00+00:00,long,13509.75,13509.5,1,1,stop,-1.0,-5.0,4.5,-9.5
2022-03-07 19:54:00+00:00,2022-03-07 19:57:00+00:00,long,13436.5,13426.25,1,1,stop,-41.0,-205.0,4.5,-209.5
2022-03-08 17:21:00+00:00,2022-03-08 17:24:00+00:00,short,13473.5,13473.75,1,1,stop,-1.0,-5.0,4.5,-9.5
2022-03-11 17:18:00+00:00,2022-03-11 17:21:00+00:00,long,13478.5,13468.25,1,1,stop,-41.0,-205.0,4.5,-209.5
2022-03-17 19:48:00+00:00,2022-03-17 19:51:00+00:00,short,14088.5,14088.75,1,1,stop,-1.0,-5.0,4.5,-9.5
2022-03-23 19:00:00+00:00,2022-03-23 19:03:00+00:00,long,14525.5,14515.25,1,1,stop,-41.0,-205.0,4.5,-209.5
2022-03-24 19:27:00+00:00,2022-03-24 19:30:00+00:00,short,14725.25,14725.5,1,1,stop,-1.0,-5.0,4.5,-9.5
2022-03-28 19:00:00+00:00,2022-03-28 19:03:00+00:00,short,14928.5,14928.75,1,1,stop,-1.0,-5.0,4.5,-9.5
2022-03-28 19:48:00+00:00,2022-03-28 19:51:00+00:00,short,14938.25,14938.5,1,1,stop,-1.0,-5.0,4.5,-9.5
2022-03-29 19:36:00+00:00,2022-03-29 19:42:00+00:00,short,15251.5,15251.75,1,2,stop,-1.0,-5.0,4.5,-9.5
2022-03-30 18:48:00+00:00,2022-03-30 18:51:00+00:00,long,15102.0,15091.75,1,1,stop,-41.0,-205.0,4.5,-209.5
2022-04-05 17:54:00+00:00,2022-04-05 17:57:00+00:00,long,14867.25,14867.0,1,1,stop,-1.0,-5.0,4.5,-9.5
2022-04-05 19:21:00+00:00,2022-04-05 19:24:00+00:00,long,14832.75,14832.5,1,1,stop,-1.0,-5.0,4.5,-9.5
2022-04-06 13:51:00+00:00,2022-04-06 13:54:00+00:00,long,14527.75,14527.5,1,1,stop,-1.0,-5.0,4.5,-9.5
2022-04-06 14:15:00+00:00,2022-04-06 14:18:00+00:00,long,14494.25,14494.0,1,1,stop,-1.0,-5.0,4.5,-9.5
2022-04-12 18:03:00+00:00,2022-04-12 18:06:00+00:00,long,14024.5,14024.25,1,1,stop,-1.0,-5.0,4.5,-9.5
2022-04-12 18:33:00+00:00,2022-04-12 18:36:00+00:00,long,13950.0,13949.75,1,1,stop,-1.0,-5.0,4.5,-9.5
2022-04-12 19:18:00+00:00,2022-04-12 19:21:00+00:00,long,13916.75,13916.5,1,1,stop,-1.0,-5.0,4.5,-9.5
2022-04-13 17:24:00+00:00,2022-04-13 17:27:00+00:00,short,14177.5,14187.75,1,1,stop,-41.0,-205.0,4.5,-209.5
2022-04-14 14:39:00+00:00,2022-04-14 14:42:00+00:00,long,14048.0,14047.75,1,1,stop,-1.0,-5.0,4.5,-9.5
2022-04-19 13:48:00+00:00,2022-04-19 13:51:00+00:00,short,13919.25,13919.5,1,1,stop,-1.0,-5.0,4.5,-9.5
2022-04-21 15:24:00+00:00,2022-04-21 15:27:00+00:00,long,14110.5,14110.25,1,1,stop,-1.0,-5.0,4.5,-9.5
2022-04-21 19:51:00+00:00,2022-04-21 19:54:00+00:00,long,13752.25,13742.0,1,1,stop,-41.0,-205.0,4.5,-209.5
2022-04-22 17:42:00+00:00,2022-04-22 17:45:00+00:00,long,13469.0,13468.75,1,1,stop,-1.0,-5.0,4.5,-9.5
2022-04-22 18:15:00+00:00,2022-04-22 18:18:00+00:00,long,13454.5,13454.25,1,1,stop,-1.0,-5.0,4.5,-9.5
2022-04-22 18:39:00+00:00,2022-04-22 18:42:00+00:00,long,13432.25,13422.0,1,1,stop,-41.0,-205.0,4.5,-209.5
2022-04-22 18:57:00+00:00,2022-04-22 19:00:00+00:00,long,13400.25,13390.0,1,1,stop,-41.0,-205.0,4.5,-209.5
2022-04-26 19:48:00+00:00,2022-04-26 19:51:00+00:00,long,13076.5,13076.25,1,1,stop,-1.0,-5.0,4.5,-9.5
2022-04-28 16:48:00+00:00,2022-04-28 16:51:00+00:00,short,13332.25,13332.5,1,1,stop,-1.0,-5.0,4.5,-9.5
2022-04-28 18:39:00+00:00,2022-04-28 18:42:00+00:00,short,13475.25,13485.5,1,1,stop,-41.0,-205.0,4.5,-209.5
2022-04-28 19:24:00+00:00,2022-04-28 19:27:00+00:00,short,13520.5,13520.75,1,1,stop,-1.0,-5.0,4.5,-9.5
2022-04-29 13:51:00+00:00,2022-04-29 13:54:00+00:00,short,13322.0,13322.25,1,1,stop,-1.0,-5.0,4.5,-9.5
2022-04-29 17:00:00+00:00,2022-04-29 17:03:00+00:00,long,13095.25,13095.0,1,1,stop,-1.0,-5.0,4.5,-9.5
2022-04-29 18:57:00+00:00,2022-04-29 19:00:00+00:00,long,12988.75,12988.5,1,1,stop,-1.0,-5.0,4.5,-9.5
2022-04-29 19:15:00+00:00,2022-04-29 19:18:00+00:00,long,12971.25,12971.0,1,1,stop,-1.0,-5.0,4.5,-9.5
2022-05-02 18:21:00+00:00,2022-05-02 18:24:00+00:00,long,12755.75,12755.5,1,1,stop,-1.0,-5.0,4.5,-9.5
2022-05-05 18:48:00+00:00,2022-05-05 18:51:00+00:00,long,12852.5,12852.25,1,1,stop,-1.0,-5.0,4.5,-9.5
2022-05-09 14:45:00+00:00,2022-05-09 14:48:00+00:00,long,12367.25,12367.0,1,1,stop,-1.0,-5.0,4.5,-9.5
2022-05-09 18:33:00+00:00,2022-05-09 18:36:00+00:00,long,12240.25,12240.0,1,1,stop,-1.0,-5.0,4.5,-9.5
2022-05-11 17:48:00+00:00,2022-05-11 17:51:00+00:00,long,12058.0,12047.75,1,1,stop,-41.0,-205.0,4.5,-209.5
2022-05-11 19:57:00+00:00,2022-05-11 20:00:00+00:00,long,11974.75,11974.5,1,1,stop,-1.0,-5.0,4.5,-9.5
2022-05-12 18:51:00+00:00,2022-05-12 18:54:00+00:00,long,11740.5,11740.25,1,1,stop,-1.0,-5.0,4.5,-9.5
2022-05-13 13:33:00+00:00,2022-05-13 13:36:00+00:00,short,12084.25,12084.5,1,1,stop,-1.0,-5.0,4.5,-9.5
2022-05-13 16:18:00+00:00,2022-05-13 16:21:00+00:00,short,12407.25,12407.5,1,1,stop,-1.0,-5.0,4.5,-9.5
2022-05-17 19:45:00+00:00,2022-05-17 19:48:00+00:00,short,12516.25,12516.5,1,1,stop,-1.0,-5.0,4.5,-9.5
2022-05-18 13:51:00+00:00,2022-05-18 13:54:00+00:00,long,12344.25,12334.0,1,1,stop,-41.0,-205.0,4.5,-209.5
2022-05-18 19:36:00+00:00,2022-05-18 19:39:00+00:00,long,11964.0,11963.75,1,1,stop,-1.0,-5.0,4.5,-9.5
2022-05-20 16:54:00+00:00,2022-05-20 16:57:00+00:00,long,11586.5,11576.25,1,1,stop,-41.0,-205.0,4.5,-209.5
2022-05-23 18:39:00+00:00,2022-05-23 18:42:00+00:00,short,12012.0,12022.25,1,1,stop,-41.0,-205.0,4.5,-209.5
2022-05-26 13:39:00+00:00,2022-05-26 13:42:00+00:00,short,12026.25,12026.5,1,1,stop,-1.0,-5.0,4.5,-9.5
2022-05-26 15:33:00+00:00,2022-05-26 15:36:00+00:00,short,12189.75,12200.0,1,1,stop,-41.0,-205.0,4.5,-209.5
2022-05-27 16:15:00+00:00,2022-05-27 16:18:00+00:00,short,12583.75,12584.0,1,1,stop,-1.0,-5.0,4.5,-9.5
2022-05-27 17:21:00+00:00,2022-05-27 17:24:00+00:00,short,12583.75,12594.0,1,1,stop,-41.0,-205.0,4.5,-209.5
2022-05-27 18:39:00+00:00,2022-05-27 18:42:00+00:00,short,12592.0,12602.25,1,1,stop,-41.0,-205.0,4.5,-209.5
2022-05-27 19:33:00+00:00,2022-05-27 19:36:00+00:00,short,12633.75,12634.0,1,1,stop,-1.0,-5.0,4.5,-9.5
2022-06-01 16:30:00+00:00,2022-06-01 16:33:00+00:00,long,12520.75,12520.5,1,1,stop,-1.0,-5.0,4.5,-9.5
2022-06-02 16:42:00+00:00,2022-06-02 16:45:00+00:00,short,12773.0,12783.25,1,1,stop,-41.0,-205.0,4.5,-209.5
2022-06-07 19:09:00+00:00,2022-06-07 19:15:00+00:00,short,12679.5,12689.75,1,2,stop,-41.0,-205.0,4.5,-209.5
2022-06-09 18:45:00+00:00,2022-06-09 18:48:00+00:00,long,12486.0,12475.75,1,1,stop,-41.0,-205.0,4.5,-209.5
2022-06-09 19:18:00+00:00,2022-06-09 19:21:00+00:00,long,12409.0,12398.75,1,1,stop,-41.0,-205.0,4.5,-209.5
2022-06-10 15:57:00+00:00,2022-06-10 16:00:00+00:00,long,11866.0,11865.75,1,1,stop,-1.0,-5.0,4.5,-9.5
2022-06-13 14:03:00+00:00,2022-06-13 14:06:00+00:00,long,11520.75,11510.5,1,1,stop,-41.0,-205.0,4.5,-209.5
2022-06-21 13:48:00+00:00,2022-06-21 13:51:00+00:00,short,11564.0,11574.25,1,1,stop,-41.0,-205.0,4.5,-209.5
2022-06-22 14:00:00+00:00,2022-06-22 14:03:00+00:00,short,11560.25,11570.5,1,1,stop,-41.0,-205.0,4.5,-209.5
2022-06-23 15:00:00+00:00,2022-06-23 15:03:00+00:00,short,11695.5,11695.75,1,1,stop,-1.0,-5.0,4.5,-9.5
2022-06-28 18:42:00+00:00,2022-06-28 18:45:00+00:00,long,11704.5,11704.25,1,1,stop,-1.0,-5.0,4.5,-9.5
2022-06-30 15:48:00+00:00,2022-06-30 15:51:00+00:00,short,11570.25,11580.5,1,1,stop,-41.0,-205.0,4.5,-209.5
2022-07-01 19:00:00+00:00,2022-07-01 19:03:00+00:00,short,11559.0,11559.25,1,1,stop,-1.0,-5.0,4.5,-9.5
2022-07-01 19:18:00+00:00,2022-07-01 19:21:00+00:00,short,11558.75,11569.0,1,1,stop,-41.0,-205.0,4.5,-209.5
2022-07-05 17:42:00+00:00,2022-07-05 17:45:00+00:00,short,11677.75,11678.0,1,1,stop,-1.0,-5.0,4.5,-9.5
2022-07-05 18:42:00+00:00,2022-07-05 18:45:00+00:00,short,11765.0,11765.25,1,1,stop,-1.0,-5.0,4.5,-9.5
2022-07-07 13:57:00+00:00,2022-07-07 14:00:00+00:00,short,12034.5,12034.75,1,1,stop,-1.0,-5.0,4.5,-9.5
2022-07-07 16:36:00+00:00,2022-07-07 16:39:00+00:00,short,12096.25,12096.5,1,1,stop,-1.0,-5.0,4.5,-9.5
2022-07-07 18:09:00+00:00,2022-07-07 18:15:00+00:00,short,12129.5,12139.75,1,2,stop,-41.0,-205.0,4.5,-209.5
2022-07-19 18:12:00+00:00,2022-07-19 18:15:00+00:00,short,12264.0,12264.25,1,1,stop,-1.0,-5.0,4.5,-9.5
2022-07-19 18:45:00+00:00,2022-07-19 18:48:00+00:00,short,12231.75,12232.0,1,1,stop,-1.0,-5.0,4.5,-9.5
2022-07-19 19:09:00+00:00,2022-07-19 19:12:00+00:00,short,12261.75,12262.0,1,1,stop,-1.0,-5.0,4.5,-9.5
2022-07-21 19:09:00+00:00,2022-07-21 19:12:00+00:00,short,12617.75,12618.0,1,1,stop,-1.0,-5.0,4.5,-9.5
2022-07-22 18:33:00+00:00,2022-07-22 18:36:00+00:00,long,12374.25,12364.0,1,1,stop,-41.0,-205.0,4.5,-209.5
2022-07-26 15:33:00+00:00,2022-07-26 15:36:00+00:00,long,12149.75,12139.5,1,1,stop,-41.0,-205.0,4.5,-209.5
2022-07-27 14:06:00+00:00,2022-07-27 14:09:00+00:00,short,12393.5,12393.75,1,1,stop,-1.0,-5.0,4.5,-9.5
2022-07-27 18:30:00+00:00,2022-07-27 18:33:00+00:00,short,12417.25,12417.5,1,1,stop,-1.0,-5.0,4.5,-9.5
2022-07-28 15:30:00+00:00,2022-07-28 15:33:00+00:00,short,12647.0,12657.25,1,1,stop,-41.0,-205.0,4.5,-209.5
2022-07-29 19:39:00+00:00,2022-07-29 19:42:00+00:00,short,12985.0,12995.25,1,1,stop,-41.0,-205.0,4.5,-209.5
2022-08-03 16:09:00+00:00,2022-08-03 16:12:00+00:00,short,13193.25,13203.5,1,1,stop,-41.0,-205.0,4.5,-209.5
2022-08-03 18:39:00+00:00,2022-08-03 18:42:00+00:00,short,13276.75,13277.0,1,1,stop,-1.0,-5.0,4.5,-9.5
2022-08-05 15:30:00+00:00,2022-08-05 15:33:00+00:00,long,13126.25,13116.0,1,1,stop,-41.0,-205.0,4.5,-209.5
2022-08-08 16:21:00+00:00,2022-08-08 16:24:00+00:00,long,13189.5,13189.25,1,1,stop,-1.0,-5.0,4.5,-9.5
2022-08-08 18:06:00+00:00,2022-08-08 18:09:00+00:00,long,13169.75,13169.5,1,1,stop,-1.0,-5.0,4.5,-9.5
2022-08-09 16:24:00+00:00,2022-08-09 16:27:00+00:00,long,12987.5,12977.25,1,1,stop,-41.0,-205.0,4.5,-209.5
2022-08-10 15:06:00+00:00,2022-08-10 15:09:00+00:00,short,13366.25,13366.5,1,1,stop,-1.0,-5.0,4.5,-9.5
2022-08-10 19:30:00+00:00,2022-08-10 19:36:00+00:00,short,13371.0,13381.25,1,2,stop,-41.0,-205.0,4.5,-209.5
2022-08-11 18:57:00+00:00,2022-08-11 19:03:00+00:00,long,13320.5,13320.25,1,2,stop,-1.0,-5.0,4.5,-9.5
2022-08-12 13:33:00+00:00,2022-08-12 13:36:00+00:00,short,13365.0,13365.25,1,1,stop,-1.0,-5.0,4.5,-9.5
2022-08-12 13:54:00+00:00,2022-08-12 13:57:00+00:00,short,13397.0,13407.25,1,1,stop,-41.0,-205.0,4.5,-209.5
2022-08-12 20:00:00+00:00,2022-08-12 20:03:00+00:00,short,13572.25,13572.75,1,1,stop,-2.0,-10.0,4.5,-14.5
2022-08-15 17:00:00+00:00,2022-08-15 17:03:00+00:00,short,13653.0,13663.25,1,1,stop,-41.0,-205.0,4.5,-209.5
2022-08-17 14:03:00+00:00,2022-08-17 14:06:00+00:00,long,13544.75,13544.5,1,1,stop,-1.0,-5.0,4.5,-9.5
2022-08-22 14:03:00+00:00,2022-08-22 14:06:00+00:00,long,13027.25,13017.0,1,1,stop,-41.0,-205.0,4.5,-209.5
2022-08-22 15:00:00+00:00,2022-08-22 15:03:00+00:00,long,12964.25,12964.0,1,1,stop,-1.0,-5.0,4.5,-9.5
2022-08-22 17:12:00+00:00,2022-08-22 17:18:00+00:00,long,12958.5,12958.25,1,2,stop,-1.0,-5.0,4.5,-9.5
2022-08-22 19:33:00+00:00,2022-08-22 19:36:00+00:00,long,12906.75,12906.5,1,1,stop,-1.0,-5.0,4.5,-9.5
2022-08-25 19:48:00+00:00,2022-08-25 19:51:00+00:00,short,13125.25,13135.5,1,1,stop,-41.0,-205.0,4.5,-209.5
2022-08-26 19:00:00+00:00,2022-08-26 19:03:00+00:00,long,12726.0,12715.75,1,1,stop,-41.0,-205.0,4.5,-209.5
2022-08-30 13:48:00+00:00,2022-08-30 13:51:00+00:00,long,12511.25,12511.0,1,1,stop,-1.0,-5.0,4.5,-9.5
2022-08-30 17:24:00+00:00,2022-08-30 17:27:00+00:00,long,12272.25,12272.0,1,1,stop,-1.0,-5.0,4.5,-9.5
2022-08-31 17:27:00+00:00,2022-08-31 17:30:00+00:00,long,12321.75,12311.5,1,1,stop,-41.0,-205.0,4.5,-209.5
2022-09-01 15:30:00+00:00,2022-09-01 15:33:00+00:00,long,12060.0,12059.75,1,1,stop,-1.0,-5.0,4.5,-9.5
2022-09-07 18:15:00+00:00,2022-09-07 18:18:00+00:00,short,12217.0,12217.25,1,1,stop,-1.0,-5.0,4.5,-9.5
2022-09-09 15:18:00+00:00,2022-09-09 15:21:00+00:00,short,12528.5,12528.75,1,1,stop,-1.0,-5.0,4.5,-9.5
2022-09-09 17:00:00+00:00,2022-09-09 17:03:00+00:00,short,12561.75,12572.0,1,1,stop,-41.0,-205.0,4.5,-209.5
2022-09-09 18:00:00+00:00,2022-09-09 18:03:00+00:00,short,12563.5,12573.75,1,1,stop,-41.0,-205.0,4.5,-209.5
2022-09-12 19:33:00+00:00,2022-09-12 19:36:00+00:00,short,12706.5,12716.75,1,1,stop,-41.0,-205.0,4.5,-209.5
2022-09-12 19:51:00+00:00,2022-09-12 19:54:00+00:00,short,12723.5,12733.75,1,1,stop,-41.0,-205.0,4.5,-209.5
2022-09-13 13:39:00+00:00,2022-09-13 13:42:00+00:00,long,12359.75,12359.5,1,1,stop,-1.0,-5.0,4.5,-9.5
2022-09-13 16:06:00+00:00,2022-09-13 16:12:00+00:00,long,12225.75,12225.5,1,2,stop,-1.0,-5.0,4.5,-9.5
2022-09-13 16:33:00+00:00,2022-09-13 16:39:00+00:00,long,12221.5,12221.25,1,2,stop,-1.0,-5.0,4.5,-9.5
2022-09-13 17:24:00+00:00,2022-09-13 17:27:00+00:00,long,12249.0,12248.75,1,1,stop,-1.0,-5.0,4.5,-9.5
2022-09-13 18:54:00+00:00,2022-09-13 18:57:00+00:00,long,12141.5,12141.25,1,1,stop,-1.0,-5.0,4.5,-9.5
2022-09-19 13:36:00+00:00,2022-09-19 13:39:00+00:00,short,11860.5,11870.75,1,1,stop,-41.0,-205.0,4.5,-209.5
2022-09-26 17:45:00+00:00,2022-09-26 17:48:00+00:00,long,11327.5,11327.25,1,1,stop,-1.0,-5.0,4.5,-9.5
2022-09-28 18:39:00+00:00,2022-09-28 18:42:00+00:00,short,11505.75,11506.0,1,1,stop,-1.0,-5.0,4.5,-9.5
2022-09-28 19:18:00+00:00,2022-09-28 19:21:00+00:00,short,11549.0,11559.25,1,1,stop,-41.0,-205.0,4.5,-209.5
2022-09-30 17:51:00+00:00,2022-09-30 17:57:00+00:00,long,11169.75,11159.5,1,2,stop,-41.0,-205.0,4.5,-209.5
2022-09-30 19:00:00+00:00,2022-09-30 19:03:00+00:00,long,11158.75,11148.5,1,1,stop,-41.0,-205.0,4.5,-209.5
2022-10-03 19:15:00+00:00,2022-10-03 19:18:00+00:00,short,11318.25,11328.5,1,1,stop,-41.0,-205.0,4.5,-209.5
2022-10-05 13:30:00+00:00,2022-10-05 13:33:00+00:00,long,11520.75,11520.5,1,1,stop,-1.0,-5.0,4.5,-9.5
2022-10-07 17:15:00+00:00,2022-10-07 17:21:00+00:00,long,11149.25,11139.0,1,2,stop,-41.0,-205.0,4.5,-209.5
2022-10-07 18:12:00+00:00,2022-10-07 18:15:00+00:00,long,11128.5,11128.25,1,1,stop,-1.0,-5.0,4.5,-9.5
2022-10-07 18:33:00+00:00,2022-10-07 18:36:00+00:00,long,11105.0,11104.75,1,1,stop,-1.0,-5.0,4.5,-9.5
2022-10-07 19:00:00+00:00,2022-10-07 19:03:00+00:00,long,11129.25,11129.0,1,1,stop,-1.0,-5.0,4.5,-9.5
2022-10-11 19:03:00+00:00,2022-10-11 19:06:00+00:00,long,10821.75,10811.5,1,1,stop,-41.0,-205.0,4.5,-209.5
2022-10-13 17:36:00+00:00,2022-10-13 17:39:00+00:00,short,11083.5,11083.75,1,1,stop,-1.0,-5.0,4.5,-9.5
2022-10-13 19:12:00+00:00,2022-10-13 19:15:00+00:00,short,11117.0,11117.25,1,1,stop,-1.0,-5.0,4.5,-9.5
2022-10-14 14:03:00+00:00,2022-10-14 14:06:00+00:00,long,11005.5,11005.25,1,1,stop,-1.0,-5.0,4.5,-9.5
2022-10-14 17:00:00+00:00,2022-10-14 17:03:00+00:00,long,10844.5,10834.25,1,1,stop,-41.0,-205.0,4.5,-209.5
2022-10-14 19:48:00+00:00,2022-10-14 19:51:00+00:00,long,10784.75,10774.5,1,1,stop,-41.0,-205.0,4.5,-209.5
2022-10-17 15:54:00+00:00,2022-10-17 15:57:00+00:00,short,11118.25,11118.5,1,1,stop,-1.0,-5.0,4.5,-9.5
2022-10-20 15:00:00+00:00,2022-10-20 15:03:00+00:00,short,11297.25,11297.5,1,1,stop,-1.0,-5.0,4.5,-9.5
2022-10-21 17:33:00+00:00,2022-10-21 17:36:00+00:00,short,11245.0,11245.25,1,1,stop,-1.0,-5.0,4.5,-9.5
2022-10-21 18:12:00+00:00,2022-10-21 18:15:00+00:00,short,11293.5,11293.75,1,1,stop,-1.0,-5.0,4.5,-9.5
2022-10-24 19:21:00+00:00,2022-10-24 19:24:00+00:00,short,11498.25,11508.5,1,1,stop,-41.0,-205.0,4.5,-209.5
2022-10-25 13:33:00+00:00,2022-10-25 13:36:00+00:00,short,11546.25,11546.5,1,1,stop,-1.0,-5.0,4.5,-9.5
2022-10-28 16:39:00+00:00,2022-10-28 16:45:00+00:00,short,11503.5,11503.75,1,2,stop,-1.0,-5.0,4.5,-9.5
2022-10-28 19:03:00+00:00,2022-10-28 19:06:00+00:00,short,11558.0,11558.25,1,1,stop,-1.0,-5.0,4.5,-9.5
2022-10-31 14:00:00+00:00,2022-10-31 14:03:00+00:00,long,11447.75,11437.5,1,1,stop,-41.0,-205.0,4.5,-209.5
2022-11-01 17:39:00+00:00,2022-11-01 17:45:00+00:00,long,11344.0,11343.75,1,2,stop,-1.0,-5.0,4.5,-9.5
2022-11-02 16:42:00+00:00,2022-11-02 16:45:00+00:00,long,11207.5,11207.25,1,1,stop,-1.0,-5.0,4.5,-9.5
2022-11-04 19:48:00+00:00,2022-11-04 19:51:00+00:00,short,10851.0,10851.25,1,1,stop,-1.0,-5.0,4.5,-9.5
2022-11-10 15:03:00+00:00,2022-11-10 15:06:00+00:00,short,11428.5,11438.75,1,1,stop,-41.0,-205.0,4.5,-209.5
2022-11-10 17:30:00+00:00,2022-11-10 17:33:00+00:00,short,11450.5,11450.75,1,1,stop,-1.0,-5.0,4.5,-9.5
2022-11-11 18:12:00+00:00,2022-11-11 18:15:00+00:00,short,11788.0,11798.25,1,1,stop,-41.0,-205.0,4.5,-209.5
2022-11-11 18:33:00+00:00,2022-11-11 18:36:00+00:00,short,11832.0,11832.25,1,1,stop,-1.0,-5.0,4.5,-9.5
2022-11-14 18:30:00+00:00,2022-11-14 18:33:00+00:00,short,11871.0,11881.25,1,1,stop,-41.0,-205.0,4.5,-209.5
2022-11-16 13:45:00+00:00,2022-11-16 13:48:00+00:00,long,11908.75,11898.5,1,1,stop,-41.0,-205.0,4.5,-209.5
2022-11-17 14:27:00+00:00,2022-11-17 14:30:00+00:00,long,11551.0,11550.75,1,1,stop,-1.0,-5.0,4.5,-9.5
2022-11-21 16:51:00+00:00,2022-11-21 16:54:00+00:00,long,11612.75,11602.5,1,1,stop,-41.0,-205.0,4.5,-209.5
2022-11-25 14:24:00+00:00,2022-11-25 14:27:00+00:00,long,11803.5,11793.25,1,1,stop,-41.0,-205.0,4.5,-209.5
2022-11-29 15:06:00+00:00,2022-11-29 15:09:00+00:00,long,11604.75,11604.5,1,1,stop,-1.0,-5.0,4.5,-9.5
2022-12-05 19:42:00+00:00,2022-12-05 19:45:00+00:00,long,11763.5,11753.25,1,1,stop,-41.0,-205.0,4.5,-209.5
2022-12-06 14:36:00+00:00,2022-12-06 14:39:00+00:00,long,11779.25,11769.0,1,1,stop,-41.0,-205.0,4.5,-209.5
2022-12-06 18:12:00+00:00,2022-12-06 18:15:00+00:00,long,11574.75,11574.5,1,1,stop,-1.0,-5.0,4.5,-9.5
2022-12-15 18:36:00+00:00,2022-12-15 18:42:00+00:00,long,11333.25,11323.0,1,2,stop,-41.0,-205.0,4.5,-209.5
2022-12-15 18:57:00+00:00,2022-12-15 19:03:00+00:00,long,11327.5,11327.25,1,2,stop,-1.0,-5.0,4.5,-9.5
2022-12-19 14:00:00+00:00,2022-12-19 14:03:00+00:00,long,11364.5,11364.25,1,1,stop,-1.0,-5.0,4.5,-9.5
2022-12-19 16:42:00+00:00,2022-12-19 16:45:00+00:00,long,11200.0,11199.75,1,1,stop,-1.0,-5.0,4.5,-9.5
2022-12-19 19:45:00+00:00,2022-12-19 19:48:00+00:00,long,11186.75,11176.5,1,1,stop,-41.0,-205.0,4.5,-209.5
2022-12-29 14:51:00+00:00,2022-12-29 14:54:00+00:00,short,10947.25,10957.5,1,1,stop,-41.0,-205.0,4.5,-209.5
2022-12-30 14:15:00+00:00,2022-12-30 14:27:00+00:00,long,10922.75,10912.5,1,4,stop,-41.0,-205.0,4.5,-209.5
2023-01-03 17:06:00+00:00,2023-01-03 17:09:00+00:00,long,10890.75,10890.5,1,1,stop,-1.0,-5.0,4.5,-9.5
2023-01-03 17:33:00+00:00,2023-01-03 17:36:00+00:00,long,10904.5,10894.25,1,1,stop,-41.0,-205.0,4.5,-209.5
2023-01-06 19:27:00+00:00,2023-01-06 19:36:00+00:00,short,11107.5,11117.75,1,3,stop,-41.0,-205.0,4.5,-209.5
2023-01-09 14:24:00+00:00,2023-01-09 14:30:00+00:00,short,11195.5,11205.75,1,2,stop,-41.0,-205.0,4.5,-209.5
2023-01-10 15:00:00+00:00,2023-01-10 15:03:00+00:00,short,11186.5,11196.75,1,1,stop,-41.0,-205.0,4.5,-209.5
2023-01-11 14:39:00+00:00,2023-01-11 14:42:00+00:00,short,11327.75,11338.0,1,1,stop,-41.0,-205.0,4.5,-209.5
2023-01-13 18:15:00+00:00,2023-01-13 18:24:00+00:00,short,11509.25,11519.5,1,3,stop,-41.0,-205.0,4.5,-209.5
2023-01-13 19:48:00+00:00,2023-01-13 19:54:00+00:00,short,11560.25,11560.5,1,2,stop,-1.0,-5.0,4.5,-9.5
2023-01-20 14:30:00+00:00,2023-01-20 14:33:00+00:00,short,11398.5,11398.75,1,1,stop,-1.0,-5.0,4.5,-9.5
2023-01-20 18:03:00+00:00,2023-01-20 18:06:00+00:00,short,11538.0,11538.25,1,1,stop,-1.0,-5.0,4.5,-9.5
2023-01-20 19:33:00+00:00,2023-01-20 19:48:00+00:00,short,11620.75,11621.0,1,5,stop,-1.0,-5.0,4.5,-9.5
2023-01-23 15:03:00+00:00,2023-01-23 15:06:00+00:00,short,11797.0,11797.25,1,1,stop,-1.0,-5.0,4.5,-9.5
2023-01-23 18:39:00+00:00,2023-01-23 18:45:00+00:00,short,11971.25,11981.5,1,2,stop,-41.0,-205.0,4.5,-209.5
2023-01-25 19:21:00+00:00,2023-01-25 19:24:00+00:00,short,11855.75,11856.0,1,1,stop,-1.0,-5.0,4.5,-9.5
2023-01-26 19:48:00+00:00,2023-01-26 19:51:00+00:00,short,12049.5,12049.75,1,1,stop,-1.0,-5.0,4.5,-9.5
2023-01-27 18:15:00+00:00,2023-01-27 18:18:00+00:00,short,12202.0,12212.25,1,1,stop,-41.0,-205.0,4.5,-209.5
2023-02-01 19:30:00+00:00,2023-02-01 19:33:00+00:00,short,12089.5,12089.75,1,1,stop,-1.0,-5.0,4.5,-9.5
2023-02-02 18:03:00+00:00,2023-02-02 18:06:00+00:00,short,12842.0,12842.25,1,1,stop,-1.0,-5.0,4.5,-9.5
2023-02-03 15:00:00+00:00,2023-02-03 15:03:00+00:00,short,12688.5,12688.75,1,1,stop,-1.0,-5.0,4.5,-9.5
2023-02-09 17:39:00+00:00,2023-02-09 17:42:00+00:00,long,12534.75,12524.5,1,1,stop,-41.0,-205.0,4.5,-209.5
2023-02-09 19:03:00+00:00,2023-02-09 19:06:00+00:00,long,12510.75,12500.5,1,1,stop,-41.0,-205.0,4.5,-209.5
2023-02-13 17:30:00+00:00,2023-02-13 17:36:00+00:00,short,12530.5,12540.75,1,2,stop,-41.0,-205.0,4.5,-209.5
2023-02-13 17:54:00+00:00,2023-02-13 18:03:00+00:00,short,12534.5,12534.75,1,3,stop,-1.0,-5.0,4.5,-9.5
2023-02-15 18:30:00+00:00,2023-02-15 18:33:00+00:00,short,12650.0,12660.25,1,1,stop,-41.0,-205.0,4.5,-209.5
2023-02-15 19:15:00+00:00,2023-02-15 19:18:00+00:00,short,12708.75,12709.0,1,1,stop,-1.0,-5.0,4.5,-9.5
2023-02-21 19:24:00+00:00,2023-02-21 19:27:00+00:00,long,12121.25,12121.0,1,1,stop,-1.0,-5.0,4.5,-9.5
2023-02-22 18:30:00+00:00,2023-02-22 18:36:00+00:00,short,12145.75,12156.0,1,2,stop,-41.0,-205.0,4.5,-209.5
2023-03-03 13:51:00+00:00,2023-03-03 13:54:00+00:00,short,12122.25,12132.5,1,1,stop,-41.0,-205.0,4.5,-209.5
2023-03-03 18:15:00+00:00,2023-03-03 18:21:00+00:00,short,12260.25,12260.5,1,2,stop,-1.0,-5.0,4.5,-9.5
2023-03-09 19:51:00+00:00,2023-03-09 19:54:00+00:00,long,12093.0,12082.75,1,1,stop,-41.0,-205.0,4.5,-209.5
2023-03-14 14:09:00+00:00,2023-03-14 14:12:00+00:00,short,12125.25,12125.5,1,1,stop,-1.0,-5.0,4.5,-9.5
2023-03-14 16:39:00+00:00,2023-03-14 16:42:00+00:00,short,12174.5,12184.75,1,1,stop,-41.0,-205.0,4.5,-209.5
2023-03-16 17:15:00+00:00,2023-03-16 17:18:00+00:00,short,12506.5,12516.75,1,1,stop,-41.0,-205.0,4.5,-209.5
2023-03-16 18:30:00+00:00,2023-03-16 18:33:00+00:00,short,12520.25,12520.5,1,1,stop,-1.0,-5.0,4.5,-9.5
2023-03-16 19:45:00+00:00,2023-03-16 19:48:00+00:00,short,12571.75,12572.0,1,1,stop,-1.0,-5.0,4.5,-9.5
2023-03-21 19:24:00+00:00,2023-03-21 19:27:00+00:00,short,12848.75,12859.0,1,1,stop,-41.0,-205.0,4.5,-209.5
2023-03-31 18:45:00+00:00,2023-03-31 18:48:00+00:00,short,13231.75,13242.0,1,1,stop,-41.0,-205.0,4.5,-209.5
2023-03-31 19:48:00+00:00,2023-03-31 19:51:00+00:00,short,13259.25,13259.5,1,1,stop,-1.0,-5.0,4.5,-9.5
2023-04-05 16:36:00+00:00,2023-04-05 16:45:00+00:00,long,13024.5,13014.25,1,3,stop,-41.0,-205.0,4.5,-209.5
2023-04-06 17:39:00+00:00,2023-04-06 17:51:00+00:00,short,13155.5,13165.75,1,4,stop,-41.0,-205.0,4.5,-209.5
2023-04-06 19:15:00+00:00,2023-04-06 19:18:00+00:00,short,13160.75,13161.0,1,1,stop,-1.0,-5.0,4.5,-9.5
2023-04-10 13:54:00+00:00,2023-04-10 13:57:00+00:00,long,12992.75,12982.5,1,1,stop,-41.0,-205.0,4.5,-209.5
2023-04-13 15:48:00+00:00,2023-04-13 15:51:00+00:00,short,13118.25,13118.5,1,1,stop,-1.0,-5.0,4.5,-9.5
2023-04-13 16:09:00+00:00,2023-04-13 16:12:00+00:00,short,13139.5,13139.75,1,1,stop,-1.0,-5.0,4.5,-9.5
2023-04-13 18:33:00+00:00,2023-04-13 18:36:00+00:00,short,13196.0,13206.25,1,1,stop,-41.0,-205.0,4.5,-209.5
2023-04-19 17:15:00+00:00,2023-04-19 17:18:00+00:00,short,13196.25,13196.5,1,1,stop,-1.0,-5.0,4.5,-9.5
2023-04-20 19:30:00+00:00,2023-04-20 19:33:00+00:00,long,13041.5,13041.25,1,1,stop,-1.0,-5.0,4.5,-9.5
2023-04-21 17:33:00+00:00,2023-04-21 17:39:00+00:00,short,13080.5,13090.75,1,2,stop,-41.0,-205.0,4.5,-209.5
2023-04-24 16:00:00+00:00,2023-04-24 16:06:00+00:00,long,12992.5,12982.25,1,2,stop,-41.0,-205.0,4.5,-209.5
2023-04-25 17:00:00+00:00,2023-04-25 17:06:00+00:00,long,12919.75,12919.5,1,2,stop,-1.0,-5.0,4.5,-9.5
2023-04-25 18:36:00+00:00,2023-04-25 18:39:00+00:00,long,12868.25,12858.0,1,1,stop,-41.0,-205.0,4.5,-209.5
2023-04-25 19:30:00+00:00,2023-04-25 19:33:00+00:00,long,12852.75,12852.5,1,1,stop,-1.0,-5.0,4.5,-9.5
2023-04-27 19:09:00+00:00,2023-04-27 19:12:00+00:00,short,13236.0,13236.25,1,1,stop,-1.0,-5.0,4.5,-9.5
2023-04-28 17:00:00+00:00,2023-04-28 17:03:00+00:00,short,13264.5,13274.75,1,1,stop,-41.0,-205.0,4.5,-209.5
2023-05-03 19:03:00+00:00,2023-05-03 19:06:00+00:00,long,13269.75,13259.5,1,1,stop,-41.0,-205.0,4.5,-209.5
2023-05-11 18:45:00+00:00,2023-05-11 18:54:00+00:00,short,13460.0,13460.25,1,3,stop,-1.0,-5.0,4.5,-9.5
2023-05-12 18:03:00+00:00,2023-05-12 18:09:00+00:00,long,13327.25,13327.0,1,2,stop,-1.0,-5.0,4.5,-9.5
2023-05-16 16:00:00+00:00,2023-05-16 16:06:00+00:00,short,13536.0,13546.25,1,2,stop,-41.0,-205.0,4.5,-209.5
2023-05-16 16:45:00+00:00,2023-05-16 16:48:00+00:00,short,13537.25,13537.5,1,1,stop,-1.0,-5.0,4.5,-9.5
2023-05-17 18:03:00+00:00,2023-05-17 18:09:00+00:00,short,13651.0,13651.25,1,2,stop,-1.0,-5.0,4.5,-9.5
2023-05-18 19:21:00+00:00,2023-05-18 19:24:00+00:00,short,13837.25,13837.5,1,1,stop,-1.0,-5.0,4.5,-9.5
2023-05-26 16:51:00+00:00,2023-05-26 17:00:00+00:00,short,14314.25,14324.5,1,3,stop,-41.0,-205.0,4.5,-209.5
2023-05-26 18:00:00+00:00,2023-05-26 18:03:00+00:00,short,14309.5,14309.75,1,1,stop,-1.0,-5.0,4.5,-9.5
2023-05-26 18:57:00+00:00,2023-05-26 19:00:00+00:00,short,14336.25,14346.5,1,1,stop,-41.0,-205.0,4.5,-209.5
2023-06-01 17:15:00+00:00,2023-06-01 17:21:00+00:00,short,14462.75,14473.0,1,2,stop,-41.0,-205.0,4.5,-209.5
2023-06-01 18:00:00+00:00,2023-06-01 18:03:00+00:00,short,14478.0,14488.25,1,1,stop,-41.0,-205.0,4.5,-209.5
2023-06-05 16:00:00+00:00,2023-06-05 16:03:00+00:00,short,14655.5,14655.75,1,1,stop,-1.0,-5.0,4.5,-9.5
2023-06-05 17:12:00+00:00,2023-06-05 17:15:00+00:00,short,14681.75,14682.0,1,1,stop,-1.0,-5.0,4.5,-9.5
2023-06-07 17:39:00+00:00,2023-06-07 17:42:00+00:00,long,14353.75,14353.5,1,1,stop,-1.0,-5.0,4.5,-9.5
2023-06-07 18:36:00+00:00,2023-06-07 18:39:00+00:00,long,14364.75,14364.5,1,1,stop,-1.0,-5.0,4.5,-9.5
2023-06-09 14:06:00+00:00,2023-06-09 14:09:00+00:00,short,14652.0,14652.25,1,1,stop,-1.0,-5.0,4.5,-9.5
2023-06-12 17:33:00+00:00,2023-06-12 17:36:00+00:00,short,14670.5,14680.75,1,1,stop,-41.0,-205.0,4.5,-209.5
2023-06-14 19:48:00+00:00,2023-06-14 19:51:00+00:00,short,14928.0,14928.25,1,1,stop,-1.0,-5.0,4.5,-9.5
2023-06-15 16:45:00+00:00,2023-06-15 16:48:00+00:00,short,15097.5,15107.75,1,1,stop,-41.0,-205.0,4.5,-209.5
2023-06-26 16:12:00+00:00,2023-06-26 16:15:00+00:00,long,14932.0,14931.75,1,1,stop,-1.0,-5.0,4.5,-9.5
2023-06-27 18:39:00+00:00,2023-06-27 18:45:00+00:00,short,15111.0,15111.25,1,2,stop,-1.0,-5.0,4.5,-9.5
2023-06-27 19:30:00+00:00,2023-06-27 19:33:00+00:00,short,15124.0,15124.25,1,1,stop,-1.0,-5.0,4.5,-9.5
2023-07-07 17:33:00+00:00,2023-07-07 17:36:00+00:00,short,15343.75,15344.0,1,1,stop,-1.0,-5.0,4.5,-9.5
2023-07-07 19:33:00+00:00,2023-07-07 19:39:00+00:00,long,15258.25,15248.0,1,2,stop,-41.0,-205.0,4.5,-209.5
2023-07-13 16:24:00+00:00,2023-07-13 16:27:00+00:00,short,15647.0,15647.25,1,1,stop,-1.0,-5.0,4.5,-9.5
2023-07-13 17:42:00+00:00,2023-07-13 17:45:00+00:00,short,15665.5,15665.75,1,1,stop,-1.0,-5.0,4.5,-9.5
2023-07-17 15:15:00+00:00,2023-07-17 15:18:00+00:00,short,15757.5,15757.75,1,1,stop,-1.0,-5.0,4.5,-9.5
2023-07-18 18:33:00+00:00,2023-07-18 18:36:00+00:00,short,15988.0,15998.25,1,1,stop,-41.0,-205.0,4.5,-209.5
2023-07-20 18:30:00+00:00,2023-07-20 18:33:00+00:00,long,15625.0,15624.75,1,1,stop,-1.0,-5.0,4.5,-9.5
2023-07-25 17:03:00+00:00,2023-07-25 17:12:00+00:00,short,15687.0,15697.25,1,3,stop,-41.0,-205.0,4.5,-209.5
2023-07-28 16:00:00+00:00,2023-07-28 16:09:00+00:00,short,15869.25,15869.5,1,3,stop,-1.0,-5.0,4.5,-9.5
2023-08-02 15:21:00+00:00,2023-08-02 15:24:00+00:00,long,15511.5,15501.25,1,1,stop,-41.0,-205.0,4.5,-209.5
2023-08-02 16:12:00+00:00,2023-08-02 16:15:00+00:00,long,15433.0,15432.75,1,1,stop,-1.0,-5.0,4.5,-9.5
2023-08-03 16:51:00+00:00,2023-08-03 16:57:00+00:00,short,15508.5,15508.75,1,2,stop,-1.0,-5.0,4.5,-9.5
2023-08-04 16:06:00+00:00,2023-08-04 16:12:00+00:00,short,15552.25,15562.5,1,2,stop,-41.0,-205.0,4.5,-209.5
2023-08-04 19:57:00+00:00,2023-08-04 20:00:00+00:00,long,15358.75,15358.5,1,1,stop,-1.0,-5.0,4.5,-9.5
2023-08-10 17:45:00+00:00,2023-08-10 17:48:00+00:00,long,15192.0,15191.75,1,1,stop,-1.0,-5.0,4.5,-9.5
2023-08-11 13:33:00+00:00,2023-08-11 13:36:00+00:00,long,15098.25,15098.0,1,1,stop,-1.0,-5.0,4.5,-9.5
2023-08-14 17:24:00+00:00,2023-08-14 17:30:00+00:00,short,15226.25,15236.5,1,2,stop,-41.0,-205.0,4.5,-209.5
2023-08-14 19:45:00+00:00,2023-08-14 19:48:00+00:00,short,15243.0,15243.25,1,1,stop,-1.0,-5.0,4.5,-9.5
2023-08-16 16:00:00+00:00,2023-08-16 16:03:00+00:00,long,15055.75,15045.5,1,1,stop,-41.0,-205.0,4.5,-209.5
2023-08-21 13:45:00+00:00,2023-08-21 13:48:00+00:00,short,14862.5,14862.75,1,1,stop,-1.0,-5.0,4.5,-9.5
2023-08-21 18:24:00+00:00,2023-08-21 18:27:00+00:00,short,14949.5,14959.75,1,1,stop,-41.0,-205.0,4.5,-209.5
2023-08-24 17:39:00+00:00,2023-08-24 17:42:00+00:00,long,14986.0,14975.75,1,1,stop,-41.0,-205.0,4.5,-209.5
2023-08-24 18:45:00+00:00,2023-08-24 18:48:00+00:00,long,14955.0,14944.75,1,1,stop,-41.0,-205.0,4.5,-209.5
2023-08-25 13:54:00+00:00,2023-08-25 13:57:00+00:00,short,14936.25,14936.5,1,1,stop,-1.0,-5.0,4.5,-9.5
2023-08-29 13:36:00+00:00,2023-08-29 13:39:00+00:00,short,15091.5,15091.75,1,1,stop,-1.0,-5.0,4.5,-9.5
2023-08-29 15:54:00+00:00,2023-08-29 16:03:00+00:00,short,15363.25,15363.5,1,3,stop,-1.0,-5.0,4.5,-9.5
2023-08-29 16:36:00+00:00,2023-08-29 16:42:00+00:00,short,15368.75,15379.0,1,2,stop,-41.0,-205.0,4.5,-209.5
2023-08-29 19:30:00+00:00,2023-08-29 19:33:00+00:00,short,15416.5,15416.75,1,1,stop,-1.0,-5.0,4.5,-9.5
2023-08-30 16:36:00+00:00,2023-08-30 16:39:00+00:00,short,15491.75,15502.0,1,1,stop,-41.0,-205.0,4.5,-209.5
2023-09-04 13:45:00+00:00,2023-09-04 13:51:00+00:00,short,15568.25,15578.5,1,2,stop,-41.0,-205.0,4.5,-209.5
2023-09-06 14:15:00+00:00,2023-09-06 14:18:00+00:00,long,15424.5,15424.25,1,1,stop,-1.0,-5.0,4.5,-9.5
2023-09-06 16:33:00+00:00,2023-09-06 16:36:00+00:00,long,15338.25,15338.0,1,1,stop,-1.0,-5.0,4.5,-9.5
2023-09-13 17:03:00+00:00,2023-09-13 17:12:00+00:00,short,15391.0,15401.25,1,3,stop,-41.0,-205.0,4.5,-209.5
2023-09-25 19:51:00+00:00,2023-09-25 19:54:00+00:00,short,14891.25,14891.5,1,1,stop,-1.0,-5.0,4.5,-9.5
2023-09-26 18:21:00+00:00,2023-09-26 18:24:00+00:00,long,14727.5,14717.25,1,1,stop,-41.0,-205.0,4.5,-209.5
2023-09-27 17:00:00+00:00,2023-09-27 17:03:00+00:00,long,14676.25,14676.0,1,1,stop,-1.0,-5.0,4.5,-9.5
2023-09-27 17:42:00+00:00,2023-09-27 17:45:00+00:00,long,14608.75,14608.5,1,1,stop,-1.0,-5.0,4.5,-9.5
2023-10-02 18:30:00+00:00,2023-10-02 18:36:00+00:00,long,14892.5,14892.25,1,2,stop,-1.0,-5.0,4.5,-9.5
2023-10-03 14:09:00+00:00,2023-10-03 14:12:00+00:00,long,14849.25,14849.0,1,1,stop,-1.0,-5.0,4.5,-9.5
2023-10-04 15:48:00+00:00,2023-10-04 15:51:00+00:00,short,14855.5,14865.75,1,1,stop,-41.0,-205.0,4.5,-209.5
2023-10-04 19:18:00+00:00,2023-10-04 19:24:00+00:00,short,14911.0,14921.25,1,2,stop,-41.0,-205.0,4.5,-209.5
2023-10-06 19:42:00+00:00,2023-10-06 19:45:00+00:00,short,15139.25,15149.5,1,1,stop,-41.0,-205.0,4.5,-209.5
2023-10-12 17:18:00+00:00,2023-10-12 17:21:00+00:00,long,15330.25,15320.0,1,1,stop,-41.0,-205.0,4.5,-209.5
2023-10-12 18:12:00+00:00,2023-10-12 18:15:00+00:00,long,15231.25,15221.0,1,1,stop,-41.0,-205.0,4.5,-209.5
2023-10-13 17:09:00+00:00,2023-10-13 17:12:00+00:00,long,15144.25,15134.0,1,1,stop,-41.0,-205.0,4.5,-209.5
2023-10-17 13:36:00+00:00,2023-10-17 13:39:00+00:00,long,15130.5,15130.25,1,1,stop,-1.0,-5.0,4.5,-9.5
2023-10-25 16:24:00+00:00,2023-10-25 16:27:00+00:00,long,14590.0,14579.75,1,1,stop,-41.0,-205.0,4.5,-209.5
2023-10-25 17:06:00+00:00,2023-10-25 17:12:00+00:00,long,14531.75,14531.5,1,2,stop,-1.0,-5.0,4.5,-9.5
2023-10-25 17:54:00+00:00,2023-10-25 17:57:00+00:00,long,14479.0,14478.75,1,1,stop,-1.0,-5.0,4.5,-9.5
2023-10-25 19:09:00+00:00,2023-10-25 19:12:00+00:00,long,14469.75,14459.5,1,1,stop,-41.0,-205.0,4.5,-209.5
2023-10-26 17:24:00+00:00,2023-10-26 17:30:00+00:00,long,14164.5,14154.25,1,2,stop,-41.0,-205.0,4.5,-209.5
2023-10-30 19:03:00+00:00,2023-10-30 19:06:00+00:00,short,14437.25,14447.5,1,1,stop,-41.0,-205.0,4.5,-209.5
2023-11-01 19:57:00+00:00,2023-11-01 20:00:00+00:00,short,14742.5,14742.75,1,1,stop,-1.0,-5.0,4.5,-9.5
2023-11-02 18:45:00+00:00,2023-11-02 18:48:00+00:00,short,14996.0,14996.25,1,1,stop,-1.0,-5.0,4.5,-9.5
2023-11-03 17:12:00+00:00,2023-11-03 17:15:00+00:00,short,15173.5,15183.75,1,1,stop,-41.0,-205.0,4.5,-209.5
2023-11-03 19:09:00+00:00,2023-11-03 19:12:00+00:00,short,15209.25,15209.5,1,1,stop,-1.0,-5.0,4.5,-9.5
2023-11-07 14:24:00+00:00,2023-11-07 14:30:00+00:00,short,15269.5,15269.75,1,2,stop,-1.0,-5.0,4.5,-9.5
2023-11-07 19:06:00+00:00,2023-11-07 19:12:00+00:00,short,15397.0,15407.25,1,2,stop,-41.0,-205.0,4.5,-209.5
2023-11-10 17:45:00+00:00,2023-11-10 17:51:00+00:00,short,15517.5,15527.75,1,2,stop,-41.0,-205.0,4.5,-209.5
2023-11-14 13:54:00+00:00,2023-11-14 14:00:00+00:00,short,15815.25,15815.5,1,2,stop,-1.0,-5.0,4.5,-9.5
2023-11-14 15:06:00+00:00,2023-11-14 15:12:00+00:00,short,15861.75,15862.0,1,2,stop,-1.0,-5.0,4.5,-9.5
2023-11-14 16:18:00+00:00,2023-11-14 16:21:00+00:00,short,15870.75,15871.0,1,1,stop,-1.0,-5.0,4.5,-9.5
2023-11-15 16:45:00+00:00,2023-11-15 16:48:00+00:00,long,15927.5,15917.25,1,1,stop,-41.0,-205.0,4.5,-209.5
2023-11-20 19:48:00+00:00,2023-11-20 20:03:00+00:00,short,16090.75,16101.25,1,5,stop,-42.0,-210.0,4.5,-214.5
2023-11-21 13:51:00+00:00,2023-11-21 14:00:00+00:00,long,16012.25,16002.0,1,3,stop,-41.0,-205.0,4.5,-209.5
2023-12-04 13:39:00+00:00,2023-12-04 13:42:00+00:00,long,15923.75,15923.5,1,1,stop,-1.0,-5.0,4.5,-9.5
2023-12-04 14:36:00+00:00,2023-12-04 14:39:00+00:00,long,15869.0,15858.75,1,1,stop,-41.0,-205.0,4.5,-209.5
2023-12-04 15:03:00+00:00,2023-12-04 15:06:00+00:00,long,15858.25,15858.0,1,1,stop,-1.0,-5.0,4.5,-9.5
2023-12-11 14:48:00+00:00,2023-12-11 14:51:00+00:00,short,16143.75,16144.0,1,1,stop,-1.0,-5.0,4.5,-9.5
2023-12-11 19:15:00+00:00,2023-12-11 19:18:00+00:00,short,16230.25,16230.5,1,1,stop,-1.0,-5.0,4.5,-9.5
2023-12-18 18:33:00+00:00,2023-12-18 18:45:00+00:00,short,16951.0,16951.25,1,4,stop,-1.0,-5.0,4.5,-9.5
2023-12-20 19:33:00+00:00,2023-12-20 19:36:00+00:00,long,17002.0,16991.75,1,1,stop,-41.0,-205.0,4.5,-209.5
2023-12-22 13:30:00+00:00,2023-12-22 13:33:00+00:00,short,16936.0,16946.25,1,1,stop,-41.0,-205.0,4.5,-209.5
2024-01-05 15:15:00+00:00,2024-01-05 15:18:00+00:00,short,16521.5,16521.75,1,1,stop,-1.0,-5.0,4.5,-9.5
2024-01-08 16:09:00+00:00,2024-01-08 16:12:00+00:00,short,16645.25,16655.5,1,1,stop,-41.0,-205.0,4.5,-209.5
2024-01-08 17:21:00+00:00,2024-01-08 17:30:00+00:00,short,16676.5,16686.75,1,3,stop,-41.0,-205.0,4.5,-209.5
2024-01-08 18:48:00+00:00,2024-01-08 18:54:00+00:00,short,16726.25,16736.5,1,2,stop,-41.0,-205.0,4.5,-209.5
2024-01-09 18:06:00+00:00,2024-01-09 18:09:00+00:00,short,16838.5,16848.75,1,1,stop,-41.0,-205.0,4.5,-209.5
2024-01-10 19:27:00+00:00,2024-01-10 19:36:00+00:00,short,16950.5,16950.75,1,3,stop,-1.0,-5.0,4.5,-9.5
2024-01-12 14:30:00+00:00,2024-01-12 14:33:00+00:00,short,16980.25,16990.5,1,1,stop,-41.0,-205.0,4.5,-209.5
2024-01-18 19:18:00+00:00,2024-01-18 19:21:00+00:00,short,17054.5,17064.75,1,1,stop,-41.0,-205.0,4.5,-209.5
2024-01-19 17:39:00+00:00,2024-01-19 17:42:00+00:00,short,17297.5,17307.75,1,1,stop,-41.0,-205.0,4.5,-209.5
2024-01-19 19:15:00+00:00,2024-01-19 19:18:00+00:00,short,17416.5,17416.75,1,1,stop,-1.0,-5.0,4.5,-9.5
2024-01-19 19:33:00+00:00,2024-01-19 19:36:00+00:00,short,17392.5,17392.75,1,1,stop,-1.0,-5.0,4.5,-9.5
2024-01-24 14:24:00+00:00,2024-01-24 14:27:00+00:00,short,17680.75,17691.0,1,1,stop,-41.0,-205.0,4.5,-209.5
2024-02-02 15:30:00+00:00,2024-02-02 15:33:00+00:00,short,17555.25,17565.5,1,1,stop,-41.0,-205.0,4.5,-209.5
2024-02-02 16:00:00+00:00,2024-02-02 16:03:00+00:00,short,17609.25,17619.5,1,1,stop,-41.0,-205.0,4.5,-209.5
2024-02-02 19:42:00+00:00,2024-02-02 19:45:00+00:00,short,17759.0,17769.25,1,1,stop,-41.0,-205.0,4.5,-209.5
2024-02-15 14:45:00+00:00,2024-02-15 14:48:00+00:00,long,17863.0,17852.75,1,1,stop,-41.0,-205.0,4.5,-209.5
2024-03-01 19:21:00+00:00,2024-03-01 19:24:00+00:00,short,18351.75,18352.0,1,1,stop,-1.0,-5.0,4.5,-9.5
2024-03-01 19:39:00+00:00,2024-03-01 19:42:00+00:00,short,18337.75,18348.0,1,1,stop,-41.0,-205.0,4.5,-209.5
2024-03-05 18:51:00+00:00,2024-03-05 18:54:00+00:00,long,17900.75,17890.5,1,1,stop,-41.0,-205.0,4.5,-209.5
2024-03-05 20:00:00+00:00,2024-03-05 20:03:00+00:00,long,17870.75,17870.25,1,1,stop,-2.0,-10.0,4.5,-14.5
2024-03-12 19:00:00+00:00,2024-03-12 19:03:00+00:00,short,18190.25,18200.5,1,1,stop,-41.0,-205.0,4.5,-209.5
2024-03-12 19:57:00+00:00,2024-03-12 20:00:00+00:00,short,18226.5,18226.75,1,1,stop,-1.0,-5.0,4.5,-9.5
2024-03-14 13:54:00+00:00,2024-03-14 13:57:00+00:00,long,18017.25,18007.0,1,1,stop,-41.0,-205.0,4.5,-209.5
2024-03-18 13:42:00+00:00,2024-03-18 13:45:00+00:00,short,18330.5,18340.75,1,1,stop,-41.0,-205.0,4.5,-209.5
2024-03-19 17:51:00+00:00,2024-03-19 17:57:00+00:00,short,18250.75,18261.0,1,2,stop,-41.0,-205.0,4.5,-209.5
2024-03-20 18:33:00+00:00,2024-03-20 18:36:00+00:00,short,18299.5,18299.75,1,1,stop,-1.0,-5.0,4.5,-9.5
2024-03-26 19:45:00+00:00,2024-03-26 19:48:00+00:00,long,18473.25,18473.0,1,1,stop,-1.0,-5.0,4.5,-9.5
2024-03-27 13:45:00+00:00,2024-03-27 13:48:00+00:00,long,18507.25,18507.0,1,1,stop,-1.0,-5.0,4.5,-9.5
2024-04-04 18:33:00+00:00,2024-04-04 18:36:00+00:00,long,18298.0,18297.75,1,1,stop,-1.0,-5.0,4.5,-9.5
2024-04-05 14:06:00+00:00,2024-04-05 14:09:00+00:00,short,18188.5,18188.75,1,1,stop,-1.0,-5.0,4.5,-9.5
2024-04-11 17:21:00+00:00,2024-04-11 17:24:00+00:00,short,18406.75,18417.0,1,1,stop,-41.0,-205.0,4.5,-209.5
2024-04-12 14:18:00+00:00,2024-04-12 14:21:00+00:00,long,18299.5,18299.25,1,1,stop,-1.0,-5.0,4.5,-9.5
2024-04-15 17:33:00+00:00,2024-04-15 17:36:00+00:00,long,17949.0,17938.75,1,1,stop,-41.0,-205.0,4.5,-209.5
2024-04-15 18:33:00+00:00,2024-04-15 18:36:00+00:00,long,17933.25,17933.0,1,1,stop,-1.0,-5.0,4.5,-9.5
2024-04-15 19:18:00+00:00,2024-04-15 19:21:00+00:00,long,17867.25,17867.0,1,1,stop,-1.0,-5.0,4.5,-9.5
2024-04-15 19:48:00+00:00,2024-04-15 19:51:00+00:00,long,17899.0,17888.75,1,1,stop,-41.0,-205.0,4.5,-209.5
2024-04-23 15:00:00+00:00,2024-04-23 15:03:00+00:00,short,17543.75,17554.0,1,1,stop,-41.0,-205.0,4.5,-209.5
2024-04-26 17:39:00+00:00,2024-04-26 17:42:00+00:00,short,17870.25,17880.5,1,1,stop,-41.0,-205.0,4.5,-209.5
2024-05-02 19:00:00+00:00,2024-05-02 19:03:00+00:00,short,17650.0,17650.25,1,1,stop,-1.0,-5.0,4.5,-9.5
2024-05-03 13:30:00+00:00,2024-05-03 13:33:00+00:00,short,17932.25,17932.5,1,1,stop,-1.0,-5.0,4.5,-9.5
2024-05-03 19:18:00+00:00,2024-05-03 19:24:00+00:00,short,18004.5,18014.75,1,2,stop,-41.0,-205.0,4.5,-209.5
2024-05-14 19:24:00+00:00,2024-05-14 19:42:00+00:00,short,18415.25,18425.5,1,6,stop,-41.0,-205.0,4.5,-209.5
2024-05-15 17:45:00+00:00,2024-05-15 17:51:00+00:00,short,18658.75,18669.0,1,2,stop,-41.0,-205.0,4.5,-209.5
2024-05-15 18:15:00+00:00,2024-05-15 18:24:00+00:00,short,18684.75,18695.0,1,3,stop,-41.0,-205.0,4.5,-209.5
2024-05-15 19:24:00+00:00,2024-05-15 19:27:00+00:00,short,18697.25,18697.5,1,1,stop,-1.0,-5.0,4.5,-9.5
2024-05-21 19:03:00+00:00,2024-05-21 19:09:00+00:00,short,18765.0,18775.25,1,2,stop,-41.0,-205.0,4.5,-209.5
2024-05-23 18:24:00+00:00,2024-05-23 18:27:00+00:00,long,18700.0,18689.75,1,1,stop,-41.0,-205.0,4.5,-209.5
2024-05-23 19:00:00+00:00,2024-05-23 19:03:00+00:00,long,18655.0,18644.75,1,1,stop,-41.0,-205.0,4.5,-209.5
2024-05-27 16:06:00+00:00,2024-05-27 16:15:00+00:00,short,18934.0,18944.25,1,3,stop,-41.0,-205.0,4.5,-209.5
2024-05-31 19:27:00+00:00,2024-05-31 19:30:00+00:00,short,18410.0,18410.25,1,1,stop,-1.0,-5.0,4.5,-9.5
2024-06-03 16:36:00+00:00,2024-06-03 16:39:00+00:00,long,18504.25,18504.0,1,1,stop,-1.0,-5.0,4.5,-9.5
2024-06-05 13:54:00+00:00,2024-06-05 13:57:00+00:00,short,18839.5,18849.75,1,1,stop,-41.0,-205.0,4.5,-209.5
2024-06-05 19:45:00+00:00,2024-06-05 19:48:00+00:00,short,19033.0,19033.25,1,1,stop,-1.0,-5.0,4.5,-9.5
2024-06-07 16:45:00+00:00,2024-06-07 16:48:00+00:00,short,19084.75,19085.0,1,1,stop,-1.0,-5.0,4.5,-9.5
2024-06-11 18:06:00+00:00,2024-06-11 18:12:00+00:00,short,19153.5,19163.75,1,2,stop,-41.0,-205.0,4.5,-209.5
2024-06-11 20:00:00+00:00,2024-06-11 20:06:00+00:00,short,19231.0,19241.5,1,2,stop,-42.0,-210.0,4.5,-214.5
2024-06-12 13:51:00+00:00,2024-06-12 13:54:00+00:00,short,19491.5,19491.75,1,1,stop,-1.0,-5.0,4.5,-9.5
2024-06-13 14:00:00+00:00,2024-06-13 14:03:00+00:00,long,19645.75,19635.5,1,1,stop,-41.0,-205.0,4.5,-209.5
2024-06-17 18:18:00+00:00,2024-06-17 18:21:00+00:00,short,19954.25,19964.5,1,1,stop,-41.0,-205.0,4.5,-209.5
2024-06-24 17:15:00+00:00,2024-06-24 17:18:00+00:00,long,19837.75,19827.5,1,1,stop,-41.0,-205.0,4.5,-209.5
2024-06-28 18:24:00+00:00,2024-06-28 18:27:00+00:00,long,20032.5,20022.25,1,1,stop,-41.0,-205.0,4.5,-209.5
2024-07-01 14:00:00+00:00,2024-07-01 14:03:00+00:00,long,19914.75,19914.5,1,1,stop,-1.0,-5.0,4.5,-9.5
2024-07-01 18:00:00+00:00,2024-07-01 18:03:00+00:00,short,19988.25,19988.5,1,1,stop,-1.0,-5.0,4.5,-9.5
2024-07-02 18:57:00+00:00,2024-07-02 19:00:00+00:00,short,20222.0,20232.25,1,1,stop,-41.0,-205.0,4.5,-209.5
2024-07-02 19:39:00+00:00,2024-07-02 19:42:00+00:00,short,20218.0,20228.25,1,1,stop,-41.0,-205.0,4.5,-209.5
2024-07-02 20:00:00+00:00,2024-07-02 20:03:00+00:00,short,20245.25,20245.75,1,1,stop,-2.0,-10.0,4.5,-14.5
2024-07-03 16:45:00+00:00,2024-07-03 16:48:00+00:00,short,20375.25,20375.5,1,1,stop,-1.0,-5.0,4.5,-9.5
2024-07-08 15:36:00+00:00,2024-07-08 15:39:00+00:00,short,20641.75,20652.0,1,1,stop,-41.0,-205.0,4.5,-209.5
2024-07-10 16:45:00+00:00,2024-07-10 16:48:00+00:00,short,20831.0,20831.25,1,1,stop,-1.0,-5.0,4.5,-9.5
2024-07-10 19:42:00+00:00,2024-07-10 19:45:00+00:00,short,20878.5,20888.75,1,1,stop,-41.0,-205.0,4.5,-209.5
2024-07-11 15:42:00+00:00,2024-07-11 15:45:00+00:00,long,20519.75,20519.5,1,1,stop,-1.0,-5.0,4.5,-9.5
2024-07-11 18:12:00+00:00,2024-07-11 18:15:00+00:00,long,20405.5,20405.25,1,1,stop,-1.0,-5.0,4.5,-9.5
2024-07-12 17:57:00+00:00,2024-07-12 18:00:00+00:00,short,20709.75,20710.0,1,1,stop,-1.0,-5.0,4.5,-9.5
2024-07-17 13:33:00+00:00,2024-07-17 13:36:00+00:00,long,20276.25,20276.0,1,1,stop,-1.0,-5.0,4.5,-9.5
2024-07-17 19:48:00+00:00,2024-07-17 19:51:00+00:00,long,20068.5,20058.25,1,1,stop,-41.0,-205.0,4.5,-209.5
2024-07-19 14:15:00+00:00,2024-07-19 14:18:00+00:00,long,19901.25,19901.0,1,1,stop,-1.0,-5.0,4.5,-9.5
2024-07-19 16:39:00+00:00,2024-07-19 16:42:00+00:00,long,19729.75,19719.5,1,1,stop,-41.0,-205.0,4.5,-209.5
2024-07-24 15:51:00+00:00,2024-07-24 15:54:00+00:00,long,19393.25,19393.0,1,1,stop,-1.0,-5.0,4.5,-9.5
2024-07-24 16:45:00+00:00,2024-07-24 16:48:00+00:00,long,19340.75,19340.5,1,1,stop,-1.0,-5.0,4.5,-9.5
2024-07-29 13:48:00+00:00,2024-07-29 13:51:00+00:00,short,19297.25,19307.5,1,1,stop,-41.0,-205.0,4.5,-209.5
2024-07-30 16:36:00+00:00,2024-07-30 16:39:00+00:00,long,18933.5,18933.25,1,1,stop,-1.0,-5.0,4.5,-9.5
2024-07-31 18:33:00+00:00,2024-07-31 18:36:00+00:00,short,19458.75,19459.0,1,1,stop,-1.0,-5.0,4.5,-9.5
2024-08-01 19:00:00+00:00,2024-08-01 19:03:00+00:00,long,18920.0,18909.75,1,1,stop,-41.0,-205.0,4.5,-209.5
2024-08-06 13:30:00+00:00,2024-08-06 13:33:00+00:00,long,18160.75,18160.5,1,1,stop,-1.0,-5.0,4.5,-9.5
2024-08-13 13:54:00+00:00,2024-08-13 13:57:00+00:00,short,18875.25,18885.5,1,1,stop,-41.0,-205.0,4.5,-209.5
2024-08-13 14:30:00+00:00,2024-08-13 14:33:00+00:00,short,18872.25,18872.5,1,1,stop,-1.0,-5.0,4.5,-9.5
2024-08-15 18:12:00+00:00,2024-08-15 18:15:00+00:00,short,19571.75,19572.0,1,1,stop,-1.0,-5.0,4.5,-9.5
2024-08-15 19:09:00+00:00,2024-08-15 19:12:00+00:00,short,19576.5,19576.75,1,1,stop,-1.0,-5.0,4.5,-9.5
2024-08-19 18:54:00+00:00,2024-08-19 19:00:00+00:00,short,19768.75,19769.0,1,2,stop,-1.0,-5.0,4.5,-9.5
2024-08-22 17:09:00+00:00,2024-08-22 17:12:00+00:00,long,19732.25,19722.0,1,1,stop,-41.0,-205.0,4.5,-209.5
2024-08-22 19:36:00+00:00,2024-08-22 19:39:00+00:00,long,19589.0,19588.75,1,1,stop,-1.0,-5.0,4.5,-9.5
2024-09-03 16:15:00+00:00,2024-09-03 16:18:00+00:00,long,19198.75,19188.5,1,1,stop,-41.0,-205.0,4.5,-209.5
2024-09-03 17:06:00+00:00,2024-09-03 17:09:00+00:00,long,19162.0,19151.75,1,1,stop,-41.0,-205.0,4.5,-209.5
2024-09-03 17:36:00+00:00,2024-09-03 17:39:00+00:00,long,19157.75,19157.5,1,1,stop,-1.0,-5.0,4.5,-9.5
2024-09-06 16:33:00+00:00,2024-09-06 16:36:00+00:00,long,18485.25,18485.0,1,1,stop,-1.0,-5.0,4.5,-9.5
2024-09-06 17:54:00+00:00,2024-09-06 17:57:00+00:00,long,18491.25,18481.0,1,1,stop,-41.0,-205.0,4.5,-209.5
2024-09-10 19:48:00+00:00,2024-09-10 19:51:00+00:00,short,18840.0,18850.25,1,1,stop,-41.0,-205.0,4.5,-209.5
2024-09-11 17:54:00+00:00,2024-09-11 17:57:00+00:00,short,19031.5,19031.75,1,1,stop,-1.0,-5.0,4.5,-9.5
2024-09-11 18:51:00+00:00,2024-09-11 18:54:00+00:00,short,19116.5,19116.75,1,1,stop,-1.0,-5.0,4.5,-9.5
2024-09-13 17:33:00+00:00,2024-09-13 17:36:00+00:00,short,19551.0,19551.25,1,1,stop,-1.0,-5.0,4.5,-9.5
2024-09-18 15:48:00+00:00,2024-09-18 15:51:00+00:00,long,19374.5,19364.25,1,1,stop,-41.0,-205.0,4.5,-209.5
2024-09-24 16:24:00+00:00,2024-09-24 16:27:00+00:00,short,20173.25,20183.5,1,1,stop,-41.0,-205.0,4.5,-209.5
2024-09-26 14:36:00+00:00,2024-09-26 14:39:00+00:00,long,20360.75,20350.5,1,1,stop,-41.0,-205.0,4.5,-209.5
2024-10-01 14:21:00+00:00,2024-10-01 14:24:00+00:00,long,19970.0,19969.75,1,1,stop,-1.0,-5.0,4.5,-9.5
2024-10-08 19:00:00+00:00,2024-10-08 19:03:00+00:00,short,20260.75,20261.0,1,1,stop,-1.0,-5.0,4.5,-9.5
2024-10-15 18:00:00+00:00,2024-10-15 18:03:00+00:00,long,20376.75,20376.5,1,1,stop,-1.0,-5.0,4.5,-9.5
2024-10-15 18:21:00+00:00,2024-10-15 18:24:00+00:00,long,20376.0,20375.75,1,1,stop,-1.0,-5.0,4.5,-9.5
2024-10-28 15:48:00+00:00,2024-10-28 15:51:00+00:00,long,20558.75,20548.5,1,1,stop,-41.0,-205.0,4.5,-209.5
2024-10-29 15:51:00+00:00,2024-10-29 15:54:00+00:00,short,20593.0,20603.25,1,1,stop,-41.0,-205.0,4.5,-209.5
2024-10-29 19:36:00+00:00,2024-10-29 19:42:00+00:00,short,20725.75,20736.0,1,2,stop,-41.0,-205.0,4.5,-209.5
2024-10-31 13:54:00+00:00,2024-10-31 13:57:00+00:00,long,20185.75,20185.5,1,1,stop,-1.0,-5.0,4.5,-9.5
2024-10-31 14:15:00+00:00,2024-10-31 14:18:00+00:00,long,20193.0,20192.75,1,1,stop,-1.0,-5.0,4.5,-9.5
2024-10-31 17:48:00+00:00,2024-10-31 17:51:00+00:00,long,20057.75,20047.5,1,1,stop,-41.0,-205.0,4.5,-209.5
2024-10-31 19:45:00+00:00,2024-10-31 19:48:00+00:00,long,20109.5,20109.25,1,1,stop,-1.0,-5.0,4.5,-9.5
2024-11-06 18:51:00+00:00,2024-11-06 18:54:00+00:00,short,20849.0,20859.25,1,1,stop,-41.0,-205.0,4.5,-209.5
2024-11-07 14:45:00+00:00,2024-11-07 14:48:00+00:00,short,21056.5,21056.75,1,1,stop,-1.0,-5.0,4.5,-9.5
2024-11-07 17:00:00+00:00,2024-11-07 17:03:00+00:00,short,21174.0,21174.25,1,1,stop,-1.0,-5.0,4.5,-9.5
2024-11-12 16:48:00+00:00,2024-11-12 16:51:00+00:00,long,21168.75,21168.5,1,1,stop,-1.0,-5.0,4.5,-9.5
2024-11-13 18:57:00+00:00,2024-11-13 19:00:00+00:00,short,21256.75,21257.0,1,1,stop,-1.0,-5.0,4.5,-9.5
2024-11-15 17:57:00+00:00,2024-11-15 18:00:00+00:00,long,20484.0,20483.75,1,1,stop,-1.0,-5.0,4.5,-9.5
2024-11-18 16:27:00+00:00,2024-11-18 16:30:00+00:00,short,20695.5,20705.75,1,1,stop,-41.0,-205.0,4.5,-209.5
2024-11-21 19:48:00+00:00,2024-11-21 19:51:00+00:00,short,20826.25,20826.5,1,1,stop,-1.0,-5.0,4.5,-9.5
2024-11-25 17:03:00+00:00,2024-11-25 17:06:00+00:00,long,20897.25,20887.0,1,1,stop,-41.0,-205.0,4.5,-209.5
2024-11-25 17:33:00+00:00,2024-11-25 17:36:00+00:00,long,20846.0,20835.75,1,1,stop,-41.0,-205.0,4.5,-209.5
2024-11-29 13:39:00+00:00,2024-11-29 13:42:00+00:00,long,20840.75,20830.5,1,1,stop,-41.0,-205.0,4.5,-209.5
2024-11-29 17:00:00+00:00,2024-11-29 17:03:00+00:00,short,20982.75,20993.0,1,1,stop,-41.0,-205.0,4.5,-209.5
2024-12-02 14:24:00+00:00,2024-12-02 14:27:00+00:00,short,21027.5,21037.75,1,1,stop,-41.0,-205.0,4.5,-209.5
2024-12-02 17:27:00+00:00,2024-12-02 17:30:00+00:00,short,21233.25,21233.5,1,1,stop,-1.0,-5.0,4.5,-9.5
2024-12-10 14:24:00+00:00,2024-12-10 14:27:00+00:00,short,21524.75,21535.0,1,1,stop,-41.0,-205.0,4.5,-209.5
2024-12-10 19:18:00+00:00,2024-12-10 19:24:00+00:00,long,21453.25,21453.0,1,2,stop,-1.0,-5.0,4.5,-9.5
2024-12-11 13:39:00+00:00,2024-12-11 13:42:00+00:00,short,21518.0,21528.25,1,1,stop,-41.0,-205.0,4.5,-209.5
2024-12-11 19:03:00+00:00,2024-12-11 19:06:00+00:00,short,21786.25,21786.5,1,1,stop,-1.0,-5.0,4.5,-9.5
2024-12-13 17:51:00+00:00,2024-12-13 17:54:00+00:00,long,21718.5,21718.25,1,1,stop,-1.0,-5.0,4.5,-9.5
2024-12-16 19:57:00+00:00,2024-12-16 20:03:00+00:00,short,22124.0,22134.5,1,2,stop,-42.0,-210.0,4.5,-214.5
2024-12-17 15:06:00+00:00,2024-12-17 15:09:00+00:00,long,22004.25,22004.0,1,1,stop,-1.0,-5.0,4.5,-9.5
2024-12-24 15:09:00+00:00,2024-12-24 15:12:00+00:00,short,21918.25,21918.5,1,1,stop,-1.0,-5.0,4.5,-9.5
2024-12-27 14:45:00+00:00,2024-12-27 14:48:00+00:00,long,21732.75,21732.5,1,1,stop,-1.0,-5.0,4.5,-9.5
2024-12-30 13:57:00+00:00,2024-12-30 14:00:00+00:00,long,21378.25,21378.0,1,1,stop,-1.0,-5.0,4.5,-9.5
2024-12-30 14:48:00+00:00,2024-12-30 14:51:00+00:00,long,21361.0,21350.75,1,1,stop,-41.0,-205.0,4.5,-209.5
2025-01-03 19:51:00+00:00,2025-01-03 20:00:00+00:00,short,21533.25,21533.5,1,3,stop,-1.0,-5.0,4.5,-9.5
2025-01-13 19:45:00+00:00,2025-01-13 19:48:00+00:00,short,20880.25,20880.5,1,1,stop,-1.0,-5.0,4.5,-9.5
2025-01-15 19:48:00+00:00,2025-01-15 19:51:00+00:00,short,21406.75,21417.0,1,1,stop,-41.0,-205.0,4.5,-209.5
2025-01-17 13:51:00+00:00,2025-01-17 13:54:00+00:00,short,21503.25,21513.5,1,1,stop,-41.0,-205.0,4.5,-209.5
2025-01-21 18:00:00+00:00,2025-01-21 18:03:00+00:00,short,21730.75,21731.0,1,1,stop,-1.0,-5.0,4.5,-9.5
2025-01-28 18:21:00+00:00,2025-01-28 18:24:00+00:00,short,21555.25,21555.5,1,1,stop,-1.0,-5.0,4.5,-9.5
2025-01-28 20:00:00+00:00,2025-01-28 20:03:00+00:00,short,21597.75,21598.25,1,1,stop,-2.0,-10.0,4.5,-14.5
2025-02-03 16:03:00+00:00,2025-02-03 16:06:00+00:00,short,21344.25,21354.5,1,1,stop,-41.0,-205.0,4.5,-209.5
2025-02-04 16:42:00+00:00,2025-02-04 16:45:00+00:00,short,21667.25,21667.5,1,1,stop,-1.0,-5.0,4.5,-9.5
2025-02-05 16:15:00+00:00,2025-02-05 16:18:00+00:00,short,21571.5,21571.75,1,1,stop,-1.0,-5.0,4.5,-9.5
2025-02-12 13:45:00+00:00,2025-02-12 13:48:00+00:00,long,21587.5,21577.25,1,1,stop,-41.0,-205.0,4.5,-209.5
2025-02-21 18:15:00+00:00,2025-02-21 18:18:00+00:00,long,21840.25,21830.0,1,1,stop,-41.0,-205.0,4.5,-209.5
2025-02-21 18:33:00+00:00,2025-02-21 18:36:00+00:00,long,21804.0,21803.75,1,1,stop,-1.0,-5.0,4.5,-9.5
2025-02-21 19:30:00+00:00,2025-02-21 19:33:00+00:00,long,21709.25,21709.0,1,1,stop,-1.0,-5.0,4.5,-9.5
2025-02-25 15:21:00+00:00,2025-02-25 15:24:00+00:00,long,21081.75,21081.5,1,1,stop,-1.0,-5.0,4.5,-9.5
2025-02-27 19:18:00+00:00,2025-02-27 19:21:00+00:00,long,20984.0,20973.75,1,1,stop,-41.0,-205.0,4.5,-209.5
2025-02-28 15:03:00+00:00,2025-02-28 15:06:00+00:00,short,20579.75,20580.0,1,1,stop,-1.0,-5.0,4.5,-9.5
2025-03-05 13:30:00+00:00,2025-03-05 13:33:00+00:00,long,20457.75,20457.5,1,1,stop,-1.0,-5.0,4.5,-9.5
2025-03-05 17:45:00+00:00,2025-03-05 17:48:00+00:00,short,20458.0,20458.25,1,1,stop,-1.0,-5.0,4.5,-9.5
2025-03-06 17:18:00+00:00,2025-03-06 17:21:00+00:00,long,20216.0,20215.75,1,1,stop,-1.0,-5.0,4.5,-9.5
2025-03-06 19:45:00+00:00,2025-03-06 19:48:00+00:00,long,20099.0,20098.75,1,1,stop,-1.0,-5.0,4.5,-9.5
2025-03-07 19:24:00+00:00,2025-03-07 19:27:00+00:00,short,20228.5,20228.75,1,1,stop,-1.0,-5.0,4.5,-9.5
2025-03-10 17:12:00+00:00,2025-03-10 17:15:00+00:00,long,19500.25,19500.0,1,1,stop,-1.0,-5.0,4.5,-9.5
2025-03-11 17:15:00+00:00,2025-03-11 17:18:00+00:00,long,19316.75,19306.5,1,1,stop,-41.0,-205.0,4.5,-209.5
2025-03-11 18:54:00+00:00,2025-03-11 18:57:00+00:00,short,19624.25,19624.5,1,1,stop,-1.0,-5.0,4.5,-9.5
2025-03-14 15:45:00+00:00,2025-03-14 15:48:00+00:00,short,19662.75,19663.0,1,1,stop,-1.0,-5.0,4.5,-9.5
2025-03-19 15:45:00+00:00,2025-03-19 15:48:00+00:00,short,19686.0,19696.25,1,1,stop,-41.0,-205.0,4.5,-209.5
2025-03-19 18:33:00+00:00,2025-03-19 18:36:00+00:00,short,19716.0,19716.25,1,1,stop,-1.0,-5.0,4.5,-9.5
2025-03-20 18:36:00+00:00,2025-03-20 18:39:00+00:00,long,19639.75,19629.5,1,1,stop,-41.0,-205.0,4.5,-209.5
2025-03-26 15:30:00+00:00,2025-03-26 15:33:00+00:00,long,20293.5,20283.25,1,1,stop,-41.0,-205.0,4.5,-209.5
2025-03-26 17:00:00+00:00,2025-03-26 17:03:00+00:00,long,20151.0,20140.75,1,1,stop,-41.0,-205.0,4.5,-209.5
2025-03-26 17:39:00+00:00,2025-03-26 17:42:00+00:00,long,20117.5,20117.25,1,1,stop,-1.0,-5.0,4.5,-9.5
2025-03-26 19:00:00+00:00,2025-03-26 19:03:00+00:00,long,20077.5,20067.25,1,1,stop,-41.0,-205.0,4.5,-209.5
2025-03-28 17:15:00+00:00,2025-03-28 17:18:00+00:00,long,19493.0,19482.75,1,1,stop,-41.0,-205.0,4.5,-209.5
2025-03-28 18:09:00+00:00,2025-03-28 18:12:00+00:00,long,19512.75,19512.5,1,1,stop,-1.0,-5.0,4.5,-9.5
2025-04-04 17:00:00+00:00,2025-04-04 17:03:00+00:00,long,17803.5,17803.25,1,1,stop,-1.0,-5.0,4.5,-9.5
2025-04-08 13:48:00+00:00,2025-04-08 13:51:00+00:00,short,18101.75,18102.0,1,1,stop,-1.0,-5.0,4.5,-9.5
2025-04-08 18:45:00+00:00,2025-04-08 18:48:00+00:00,long,17507.75,17507.5,1,1,stop,-1.0,-5.0,4.5,-9.5
2025-04-08 19:39:00+00:00,2025-04-08 19:42:00+00:00,long,17128.25,17128.0,1,1,stop,-1.0,-5.0,4.5,-9.5
2025-04-10 13:48:00+00:00,2025-04-10 13:51:00+00:00,long,18844.5,18844.25,1,1,stop,-1.0,-5.0,4.5,-9.5
2025-04-10 16:06:00+00:00,2025-04-10 16:09:00+00:00,long,18263.25,18263.0,1,1,stop,-1.0,-5.0,4.5,-9.5
2025-04-11 16:39:00+00:00,2025-04-11 16:42:00+00:00,short,18713.0,18723.25,1,1,stop,-41.0,-205.0,4.5,-209.5
2025-04-11 17:54:00+00:00,2025-04-11 17:57:00+00:00,short,18814.0,18814.25,1,1,stop,-1.0,-5.0,4.5,-9.5
2025-04-11 19:03:00+00:00,2025-04-11 19:06:00+00:00,short,18775.0,18785.25,1,1,stop,-41.0,-205.0,4.5,-209.5
2025-04-14 15:54:00+00:00,2025-04-14 15:57:00+00:00,long,18872.5,18872.25,1,1,stop,-1.0,-5.0,4.5,-9.5
2025-04-16 19:12:00+00:00,2025-04-16 19:15:00+00:00,long,18185.75,18185.5,1,1,stop,-1.0,-5.0,4.5,-9.5
2025-04-21 17:18:00+00:00,2025-04-21 17:21:00+00:00,long,17766.75,17766.5,1,1,stop,-1.0,-5.0,4.5,-9.5
2025-04-24 14:09:00+00:00,2025-04-24 14:12:00+00:00,short,19062.0,19062.25,1,1,stop,-1.0,-5.0,4.5,-9.5
2025-04-24 17:15:00+00:00,2025-04-24 17:18:00+00:00,short,19223.5,19223.75,1,1,stop,-1.0,-5.0,4.5,-9.5
2025-04-24 17:33:00+00:00,2025-04-24 17:36:00+00:00,short,19231.25,19231.5,1,1,stop,-1.0,-5.0,4.5,-9.5
2025-04-25 16:45:00+00:00,2025-04-25 16:48:00+00:00,short,19426.25,19426.5,1,1,stop,-1.0,-5.0,4.5,-9.5
2025-04-29 18:18:00+00:00,2025-04-29 18:21:00+00:00,short,19650.75,19651.0,1,1,stop,-1.0,-5.0,4.5,-9.5
2025-05-01 19:45:00+00:00,2025-05-01 19:48:00+00:00,long,20010.75,20010.5,1,1,stop,-1.0,-5.0,4.5,-9.5
2025-05-02 14:18:00+00:00,2025-05-02 14:21:00+00:00,short,20132.75,20133.0,1,1,stop,-1.0,-5.0,4.5,-9.5
2025-05-05 16:30:00+00:00,2025-05-05 16:36:00+00:00,short,20117.75,20128.0,1,2,stop,-41.0,-205.0,4.5,-209.5
2025-05-07 15:03:00+00:00,2025-05-07 15:06:00+00:00,long,19839.75,19829.5,1,1,stop,-41.0,-205.0,4.5,-209.5
2025-05-12 18:42:00+00:00,2025-05-12 18:48:00+00:00,short,20924.25,20924.5,1,2,stop,-1.0,-5.0,4.5,-9.5
2025-05-13 14:18:00+00:00,2025-05-13 14:21:00+00:00,short,21209.0,21209.25,1,1,stop,-1.0,-5.0,4.5,-9.5
2025-05-13 15:48:00+00:00,2025-05-13 15:51:00+00:00,short,21275.5,21275.75,1,1,stop,-1.0,-5.0,4.5,-9.5
2025-05-13 17:18:00+00:00,2025-05-13 17:30:00+00:00,short,21312.75,21323.0,1,4,stop,-41.0,-205.0,4.5,-209.5
2025-05-15 15:24:00+00:00,2025-05-15 15:27:00+00:00,short,21382.5,21392.75,1,1,stop,-41.0,-205.0,4.5,-209.5
2025-05-15 17:30:00+00:00,2025-05-15 17:33:00+00:00,short,21500.5,21500.75,1,1,stop,-1.0,-5.0,4.5,-9.5
2025-05-19 15:42:00+00:00,2025-05-19 15:45:00+00:00,short,21447.75,21448.0,1,1,stop,-1.0,-5.0,4.5,-9.5
2025-05-27 18:18:00+00:00,2025-05-27 18:21:00+00:00,short,21460.25,21460.5,1,1,stop,-1.0,-5.0,4.5,-9.5
2025-05-29 13:51:00+00:00,2025-05-29 13:54:00+00:00,long,21542.75,21542.5,1,1,stop,-1.0,-5.0,4.5,-9.5
2025-06-02 19:51:00+00:00,2025-06-02 19:54:00+00:00,short,21504.0,21504.25,1,1,stop,-1.0,-5.0,4.5,-9.5
2025-06-03 15:06:00+00:00,2025-06-03 15:09:00+00:00,short,21655.5,21665.75,1,1,stop,-41.0,-205.0,4.5,-209.5
2025-06-03 15:48:00+00:00,2025-06-03 15:51:00+00:00,short,21662.25,21662.5,1,1,stop,-1.0,-5.0,4.5,-9.5
2025-06-04 18:24:00+00:00,2025-06-04 18:27:00+00:00,short,21782.25,21792.5,1,1,stop,-41.0,-205.0,4.5,-209.5
2025-06-10 19:15:00+00:00,2025-06-10 19:18:00+00:00,short,21943.5,21953.75,1,1,stop,-41.0,-205.0,4.5,-209.5
2025-06-16 15:03:00+00:00,2025-06-16 15:06:00+00:00,short,21957.0,21967.25,1,1,stop,-41.0,-205.0,4.5,-209.5
2025-06-23 14:09:00+00:00,2025-06-23 14:12:00+00:00,short,21960.5,21970.75,1,1,stop,-41.0,-205.0,4.5,-209.5
2025-06-23 19:15:00+00:00,2025-06-23 19:21:00+00:00,short,22028.75,22039.0,1,2,stop,-41.0,-205.0,4.5,-209.5
2025-06-24 18:30:00+00:00,2025-06-24 18:36:00+00:00,short,22409.25,22419.5,1,2,stop,-41.0,-205.0,4.5,-209.5
2025-06-24 19:09:00+00:00,2025-06-24 19:18:00+00:00,short,22433.0,22433.25,1,3,stop,-1.0,-5.0,4.5,-9.5
2025-06-26 18:36:00+00:00,2025-06-26 18:48:00+00:00,short,22669.25,22669.5,1,4,stop,-1.0,-5.0,4.5,-9.5
2025-07-02 14:54:00+00:00,2025-07-02 14:57:00+00:00,short,22801.5,22811.75,1,1,stop,-41.0,-205.0,4.5,-209.5
2025-07-02 16:24:00+00:00,2025-07-02 16:27:00+00:00,short,22825.25,22835.5,1,1,stop,-41.0,-205.0,4.5,-209.5
2025-07-02 17:12:00+00:00,2025-07-02 17:15:00+00:00,short,22829.0,22829.25,1,1,stop,-1.0,-5.0,4.5,-9.5
2025-07-02 18:00:00+00:00,2025-07-02 18:03:00+00:00,short,22815.0,22825.25,1,1,stop,-41.0,-205.0,4.5,-209.5
2025-07-07 18:24:00+00:00,2025-07-07 18:27:00+00:00,long,22822.75,22812.5,1,1,stop,-41.0,-205.0,4.5,-209.5
2025-07-09 13:51:00+00:00,2025-07-09 13:54:00+00:00,short,23080.0,23090.25,1,1,stop,-41.0,-205.0,4.5,-209.5
2025-07-14 16:42:00+00:00,2025-07-14 16:45:00+00:00,short,23017.5,23017.75,1,1,stop,-1.0,-5.0,4.5,-9.5
2025-07-14 17:21:00+00:00,2025-07-14 17:36:00+00:00,short,23053.0,23063.25,1,5,stop,-41.0,-205.0,4.5,-209.5
2025-07-16 18:45:00+00:00,2025-07-16 18:54:00+00:00,short,23049.75,23060.0,1,3,stop,-41.0,-205.0,4.5,-209.5
2025-07-16 19:48:00+00:00,2025-07-16 19:54:00+00:00,short,23080.25,23090.5,1,2,stop,-41.0,-205.0,4.5,-209.5
2025-07-18 14:18:00+00:00,2025-07-18 14:21:00+00:00,long,23231.25,23231.0,1,1,stop,-1.0,-5.0,4.5,-9.5
2025-07-31 15:00:00+00:00,2025-07-31 15:03:00+00:00,long,23568.0,23567.75,1,1,stop,-1.0,-5.0,4.5,-9.5
2025-08-01 13:54:00+00:00,2025-08-01 13:57:00+00:00,long,22900.5,22890.25,1,1,stop,-41.0,-205.0,4.5,-209.5
2025-08-04 17:45:00+00:00,2025-08-04 17:48:00+00:00,short,23243.25,23253.5,1,1,stop,-41.0,-205.0,4.5,-209.5
2025-08-06 17:45:00+00:00,2025-08-06 17:48:00+00:00,short,23378.5,23378.75,1,1,stop,-1.0,-5.0,4.5,-9.5
2025-08-06 18:39:00+00:00,2025-08-06 18:48:00+00:00,short,23419.0,23429.25,1,3,stop,-41.0,-205.0,4.5,-209.5
2025-08-12 17:27:00+00:00,2025-08-12 17:30:00+00:00,short,23887.5,23897.75,1,1,stop,-41.0,-205.0,4.5,-209.5
2025-08-12 18:21:00+00:00,2025-08-12 18:24:00+00:00,short,23919.25,23919.5,1,1,stop,-1.0,-5.0,4.5,-9.5
2025-08-13 16:51:00+00:00,2025-08-13 16:54:00+00:00,long,23901.25,23901.0,1,1,stop,-1.0,-5.0,4.5,-9.5
2025-08-19 16:15:00+00:00,2025-08-19 16:18:00+00:00,long,23544.25,23544.0,1,1,stop,-1.0,-5.0,4.5,-9.5
2025-08-19 18:06:00+00:00,2025-08-19 18:09:00+00:00,long,23497.75,23497.5,1,1,stop,-1.0,-5.0,4.5,-9.5
2025-08-20 14:00:00+00:00,2025-08-20 14:03:00+00:00,long,23208.0,23207.75,1,1,stop,-1.0,-5.0,4.5,-9.5
2025-08-21 17:03:00+00:00,2025-08-21 17:06:00+00:00,long,23193.5,23183.25,1,1,stop,-41.0,-205.0,4.5,-209.5
2025-08-22 17:30:00+00:00,2025-08-22 17:33:00+00:00,short,23605.75,23606.0,1,1,stop,-1.0,-5.0,4.5,-9.5
2025-08-25 16:30:00+00:00,2025-08-25 16:33:00+00:00,short,23590.0,23600.25,1,1,stop,-41.0,-205.0,4.5,-209.5
2025-08-28 19:03:00+00:00,2025-08-28 19:15:00+00:00,short,23782.25,23782.5,1,4,stop,-1.0,-5.0,4.5,-9.5
2025-08-29 17:18:00+00:00,2025-08-29 17:21:00+00:00,long,23425.5,23425.25,1,1,stop,-1.0,-5.0,4.5,-9.5
2025-09-05 14:51:00+00:00,2025-09-05 14:54:00+00:00,long,23622.75,23622.5,1,1,stop,-1.0,-5.0,4.5,-9.5
2025-09-08 15:18:00+00:00,2025-09-08 15:24:00+00:00,short,23847.75,23858.0,1,2,stop,-41.0,-205.0,4.5,-209.5
2025-09-09 20:00:00+00:00,2025-09-09 20:03:00+00:00,short,23855.0,23855.5,1,1,stop,-2.0,-10.0,4.5,-14.5
2025-09-12 18:00:00+00:00,2025-09-12 18:24:00+00:00,short,24115.25,24125.5,1,8,stop,-41.0,-205.0,4.5,-209.5
2025-09-15 16:00:00+00:00,2025-09-15 16:06:00+00:00,short,24269.0,24279.25,1,2,stop,-41.0,-205.0,4.5,-209.5
2025-09-15 18:00:00+00:00,2025-09-15 18:06:00+00:00,short,24279.5,24289.75,1,2,stop,-41.0,-205.0,4.5,-209.5
2025-09-15 19:48:00+00:00,2025-09-15 19:51:00+00:00,short,24275.0,24275.25,1,1,stop,-1.0,-5.0,4.5,-9.5
2025-09-16 15:18:00+00:00,2025-09-16 15:24:00+00:00,long,24296.25,24286.0,1,2,stop,-41.0,-205.0,4.5,-209.5
2025-09-22 17:33:00+00:00,2025-09-22 17:36:00+00:00,short,24979.0,24989.25,1,1,stop,-41.0,-205.0,4.5,-209.5
2025-09-23 17:21:00+00:00,2025-09-23 17:24:00+00:00,long,24908.0,24897.75,1,1,stop,-41.0,-205.0,4.5,-209.5
2025-09-25 13:45:00+00:00,2025-09-25 13:48:00+00:00,long,24470.25,24470.0,1,1,stop,-1.0,-5.0,4.5,-9.5
2025-10-01 16:18:00+00:00,2025-10-01 16:24:00+00:00,short,24931.5,24941.75,1,2,stop,-41.0,-205.0,4.5,-209.5
2025-10-03 17:30:00+00:00,2025-10-03 17:33:00+00:00,long,25051.0,25050.75,1,1,stop,-1.0,-5.0,4.5,-9.5
2025-10-08 19:21:00+00:00,2025-10-08 19:24:00+00:00,short,25301.5,25311.75,1,1,stop,-41.0,-205.0,4.5,-209.5
2025-10-09 16:45:00+00:00,2025-10-09 16:48:00+00:00,long,25251.5,25251.25,1,1,stop,-1.0,-5.0,4.5,-9.5
2025-10-09 17:06:00+00:00,2025-10-09 17:09:00+00:00,long,25220.0,25219.75,1,1,stop,-1.0,-5.0,4.5,-9.5
2025-10-10 19:39:00+00:00,2025-10-10 19:42:00+00:00,long,24516.0,24515.75,1,1,stop,-1.0,-5.0,4.5,-9.5
2025-10-14 17:33:00+00:00,2025-10-14 17:36:00+00:00,short,24891.5,24891.75,1,1,stop,-1.0,-5.0,4.5,-9.5
2025-10-14 18:36:00+00:00,2025-10-14 18:39:00+00:00,short,24894.25,24894.5,1,1,stop,-1.0,-5.0,4.5,-9.5
2025-10-16 18:21:00+00:00,2025-10-16 18:24:00+00:00,long,24734.75,24724.5,1,1,stop,-41.0,-205.0,4.5,-209.5
2025-10-20 14:15:00+00:00,2025-10-20 14:18:00+00:00,short,25218.0,25228.25,1,1,stop,-41.0,-205.0,4.5,-209.5
2025-10-23 13:51:00+00:00,2025-10-23 13:54:00+00:00,short,25149.5,25159.75,1,1,stop,-41.0,-205.0,4.5,-209.5
2025-10-23 15:57:00+00:00,2025-10-23 16:00:00+00:00,short,25194.0,25194.25,1,1,stop,-1.0,-5.0,4.5,-9.5
2025-10-23 17:06:00+00:00,2025-10-23 17:09:00+00:00,short,25199.5,25199.75,1,1,stop,-1.0,-5.0,4.5,-9.5
2025-10-23 19:15:00+00:00,2025-10-23 19:18:00+00:00,short,25269.0,25279.25,1,1,stop,-41.0,-205.0,4.5,-209.5
2025-10-24 19:12:00+00:00,2025-10-24 19:18:00+00:00,short,25556.5,25556.75,1,2,stop,-1.0,-5.0,4.5,-9.5
2025-10-27 14:15:00+00:00,2025-10-27 14:18:00+00:00,short,25840.25,25840.5,1,1,stop,-1.0,-5.0,4.5,-9.5
2025-10-28 19:00:00+00:00,2025-10-28 19:03:00+00:00,short,26182.0,26192.25,1,1,stop,-41.0,-205.0,4.5,-209.5
2025-10-30 19:48:00+00:00,2025-10-30 19:51:00+00:00,long,25928.75,25928.5,1,1,stop,-1.0,-5.0,4.5,-9.5
2025-10-31 17:24:00+00:00,2025-10-31 17:27:00+00:00,long,25925.5,25915.25,1,1,stop,-41.0,-205.0,4.5,-209.5
2025-11-03 13:36:00+00:00,2025-11-03 13:42:00+00:00,short,26164.25,26174.5,1,2,stop,-41.0,-205.0,4.5,-209.5
2025-11-04 18:21:00+00:00,2025-11-04 18:24:00+00:00,long,25655.5,25655.25,1,1,stop,-1.0,-5.0,4.5,-9.5
2025-11-05 13:45:00+00:00,2025-11-05 13:48:00+00:00,short,25579.75,25590.0,1,1,stop,-41.0,-205.0,4.5,-209.5
2025-11-05 19:00:00+00:00,2025-11-05 19:06:00+00:00,short,25843.25,25843.5,1,2,stop,-1.0,-5.0,4.5,-9.5
2025-11-06 14:36:00+00:00,2025-11-06 14:39:00+00:00,long,25660.75,25650.5,1,1,stop,-41.0,-205.0,4.5,-209.5
2025-11-06 17:00:00+00:00,2025-11-06 17:03:00+00:00,long,25270.75,25270.5,1,1,stop,-1.0,-5.0,4.5,-9.5
2025-11-07 13:30:00+00:00,2025-11-07 13:33:00+00:00,long,25100.5,25090.25,1,1,stop,-41.0,-205.0,4.5,-209.5
2025-11-07 16:18:00+00:00,2025-11-07 16:21:00+00:00,long,24827.25,24827.0,1,1,stop,-1.0,-5.0,4.5,-9.5
2025-11-13 13:45:00+00:00,2025-11-13 13:48:00+00:00,long,25525.25,25525.0,1,1,stop,-1.0,-5.0,4.5,-9.5
2025-11-13 17:48:00+00:00,2025-11-13 17:51:00+00:00,long,25172.0,25171.75,1,1,stop,-1.0,-5.0,4.5,-9.5
2025-11-17 18:45:00+00:00,2025-11-17 18:48:00+00:00,long,25041.75,25041.5,1,1,stop,-1.0,-5.0,4.5,-9.5
2025-11-17 19:06:00+00:00,2025-11-17 19:09:00+00:00,long,24893.5,24893.25,1,1,stop,-1.0,-5.0,4.5,-9.5
2025-11-17 19:27:00+00:00,2025-11-17 19:30:00+00:00,long,24868.0,24867.75,1,1,stop,-1.0,-5.0,4.5,-9.5
2025-11-21 17:00:00+00:00,2025-11-21 17:03:00+00:00,short,24323.0,24323.25,1,1,stop,-1.0,-5.0,4.5,-9.5
2025-11-24 18:15:00+00:00,2025-11-24 18:18:00+00:00,short,24930.5,24940.75,1,1,stop,-41.0,-205.0,4.5,-209.5
2025-11-28 17:00:00+00:00,2025-11-28 17:03:00+00:00,short,25412.0,25422.25,1,1,stop,-41.0,-205.0,4.5,-209.5
2025-12-02 13:45:00+00:00,2025-12-02 13:48:00+00:00,short,25493.75,25494.0,1,1,stop,-1.0,-5.0,4.5,-9.5
2025-12-08 17:03:00+00:00,2025-12-08 17:06:00+00:00,long,25627.5,25627.25,1,1,stop,-1.0,-5.0,4.5,-9.5
2025-12-10 15:48:00+00:00,2025-12-10 15:51:00+00:00,long,25621.75,25611.5,1,1,stop,-41.0,-205.0,4.5,-209.5
2025-12-11 19:51:00+00:00,2025-12-11 19:54:00+00:00,short,25702.0,25702.25,1,1,stop,-1.0,-5.0,4.5,-9.5
2025-12-15 13:51:00+00:00,2025-12-15 13:57:00+00:00,short,25372.75,25383.0,1,2,stop,-41.0,-205.0,4.5,-209.5
2025-12-16 14:51:00+00:00,2025-12-16 14:54:00+00:00,short,25091.5,25091.75,1,1,stop,-1.0,-5.0,4.5,-9.5
2025-12-17 16:00:00+00:00,2025-12-17 16:03:00+00:00,long,24853.25,24853.0,1,1,stop,-1.0,-5.0,4.5,-9.5
2025-12-17 19:39:00+00:00,2025-12-17 19:42:00+00:00,long,24732.25,24732.0,1,1,stop,-1.0,-5.0,4.5,-9.5
2025-12-18 13:33:00+00:00,2025-12-18 13:36:00+00:00,short,24934.25,24934.5,1,1,stop,-1.0,-5.0,4.5,-9.5
2025-12-23 18:24:00+00:00,2025-12-23 19:00:00+00:00,short,25770.25,25780.5,1,12,stop,-41.0,-205.0,4.5,-209.5
